"Tableau n°01 : Evolution des montants moyens des loyers et des indices des montants moyens des loyers selon l'agglomération, le type d'habitat et l'envergure au niveau de la région de Casablanca Settat",,,,,,,,,,,,,,,,,,,,,,,,,,,,,,,,,,,,,,,,,,,,,,,
Agglomération,Type d'habitat,Envergure,Montants moyens des loyers,,,,,,,,,,,,,,,,,,,,,,,Indices des montants moyens des loyers,,,,,,,,,,,,,,,,,,,,,
,,,2001,2002,2003,2004,2005,2006,2007,2008,2009,2010,2011,2012,2013,2014,2015,2016,2017,2018,2019,2020,2021,2022,,2001,2002,2003,2004,2005,2006,2007,2008,2009,2010,2011,2012,2013,2014,2015,2016,2017,2018,2019,2020,2021,2022
Casablanca,Villa,PT,"6,448","7,061","7,762","8,487","8,400","8,122","7,803","8,259","8,890","8,919","9,004","9,396","9,453","9,498","9,470","9,600","9,680","9,627","9,685","9,227","9,450","9,789",,100.0,109.5,120.4,131.6,130.3,126.0,121.0,128.1,137.9,138.3,139.6,145.7,146.6,147.3,146.9,148.9,150.1,149.3,150.2,143.1,146.6,151.8
,,MT,"11,000","11,357","10,746","10,602","11,658","13,228","15,261","17,029","17,575","17,656","18,179","17,423","17,434","17,655","17,558","17,534","17,622","17,436","17,529","17,063","17,508","18,020",,100.0,103.2,97.7,96.4,106.0,120.3,138.7,154.8,159.8,160.5,165.3,158.4,158.5,160.5,159.6,159.4,160.2,158.5,159.4,155.1,159.2,163.8
,,GT,"19,196","20,256","20,071","22,365","24,039","27,503","31,605","34,893","36,345","34,990","35,007","33,795","34,218","34,616","34,097","33,818","33,647","32,267","32,440","31,189","31,860","32,535",,100.0,105.5,104.6,116.5,125.2,143.3,164.6,181.8,189.3,182.3,182.4,176.1,178.3,180.3,177.6,176.2,175.3,168.1,169.0,162.5,166.0,169.5
,,VIL,"14,723","15,429","15,082","16,147","17,447","19,841","22,760","25,197","26,181","25,571","25,831","24,909","25,120","25,418","17,954","17,935","17,966","17,586","17,682","17,058","17,468","17,949",,100.0,104.6,102.0,107.6,116.3,131.6,150.4,166.5,173.0,169.9,172.3,166.3,167.4,169.4,158.6,158.9,159.6,157.1,157.9,152.2,155.9,160.5
,Appartement standing,PT,"3,220","3,631","3,682","3,730","3,894","4,215","4,636","5,030","5,082","5,068","5,139","5,137","5,198","5,280","5,382","5,475","5,548","5,479","5,551","5,422","5,567","5,832",,100.0,112.8,114.4,115.8,120.9,130.9,144.0,156.2,157.8,157.4,159.6,159.5,161.5,164.0,167.2,170.0,172.3,170.2,172.4,168.4,172.9,181.1
,,MT,"5,631","5,683","5,672","5,735","5,848","5,978","6,173","6,571","6,687","6,745","6,809","6,794","6,851","6,909","6,984","7,085","7,161","7,125","7,209","7,128","7,309","7,483",,100.0,100.9,100.7,101.8,103.9,106.1,109.6,116.7,118.7,119.8,120.9,120.6,121.7,122.7,124.0,125.8,127.2,126.5,128.0,126.6,129.8,132.9
,,GT,"7,870","8,781","9,128","9,500","9,529","10,185","10,538","11,412","11,586","11,374","11,537","11,158","11,031","11,055","11,090","11,138","11,217","11,225","11,304","11,012","11,127","11,360",,100.0,111.6,116.0,120.7,121.1,129.4,133.9,145.0,147.2,144.5,146.6,141.8,140.2,140.5,140.9,141.5,142.5,142.6,143.6,139.9,141.4,144.3
,,APS,"5,722","5,905","5,942","6,041","6,148","6,356","6,588","7,043","7,161","7,181","7,257","7,199","7,235","7,290","7,669","7,756","7,832","7,801","7,881","7,741","7,899","8,104",,100.0,103.1,103.6,105.2,107.2,110.8,115.2,123.1,125.1,125.6,126.9,126.1,126.9,128.0,136.2,137.9,139.4,138.6,140.1,137.7,140.7,144.7
,Appartement économique,PT,"1,449","1,462","1,483","1,534","1,582","1,630","1,665","1,750","1,820","1,914","2,032","2,129","2,181","2,243","2,281","2,296","2,345","2,365","2,408","2,338","2,408","2,543",,100.0,100.9,102.3,105.8,109.2,112.5,114.9,120.7,125.5,132.1,140.2,146.9,150.5,154.7,157.4,158.4,161.8,163.2,166.1,161.3,166.1,175.5
,,MT,"2,067","2,114","2,061","2,113","2,270","2,261","2,269","2,462","2,571","2,757","2,862","2,996","3,080","3,150","3,194","3,199","3,262","3,294","3,353","3,274","3,340","3,462",,100.0,102.3,99.7,102.2,109.8,109.4,109.8,119.1,124.4,133.4,138.5,144.9,149.0,152.4,154.5,154.7,157.8,159.3,162.2,158.4,161.6,167.5
,,GT,"2,886","3,067","3,065","3,042","3,158","3,350","3,638","3,661","3,767","3,855","3,995","4,057","4,084","4,089","4,148","4,172","4,214","4,228","4,302","4,158","4,271","4,344",,100.0,106.3,106.2,105.4,109.4,116.1,126.0,126.9,130.5,133.6,138.4,140.6,141.5,141.7,143.7,144.6,146.0,146.5,149.1,144.1,148.0,150.5
,,APE,"2,058","2,118","2,090","2,130","2,256","2,291","2,348","2,491","2,591","2,742","2,855","2,970","3,038","3,096","3,131","3,142","3,197","3,222","3,280","3,191","3,267","3,383",,100.0,102.6,101.3,103.5,109.6,111.1,113.4,120.6,125.6,133.1,138.8,144.7,148.2,151.2,153.2,153.7,156.6,157.8,160.7,156.4,160.1,166.3
,Maison sur lot économique,PT,"1,313","1,294","1,349","1,359","1,423","1,440","1,444","1,504","1,528","1,603","1,715","1,826","1,857","1,904","1,938","1,954","1,990","2,017","2,057","2,054","2,123","2,203",,100.0,98.5,102.7,103.5,108.4,109.7,109.9,114.6,116.4,122.1,130.6,139.0,141.4,145.0,147.6,148.8,151.6,153.6,156.6,156.4,161.6,167.7
,,MT,"1,597","1,670","1,739","1,798","1,947","2,032","2,084","2,181","2,297","2,355","2,491","2,657","2,733","2,790","2,833","2,834","2,856","2,900","2,947","2,879","2,954","3,064",,100.0,104.5,108.9,112.6,121.9,127.2,130.5,136.5,143.8,147.4,156.0,166.4,171.1,174.7,177.4,177.4,178.8,181.6,184.5,180.3,185.0,191.9
,,GT,"2,472","2,562","2,646","2,786","2,838","2,847","3,002","3,117","3,311","3,442","3,541","3,634","3,718","3,768","3,769","3,791","3,841","3,896","3,968","3,911","4,005","4,077",,100.0,103.7,107.0,112.7,114.8,115.2,121.4,126.1,134.0,139.3,143.3,147.0,150.4,152.4,152.5,153.4,155.4,157.6,160.6,158.2,162.0,165.0
,,MLE,"1,670","1,725","1,794","1,854","1,970","2,028","2,086","2,177","2,286","2,358","2,483","2,626","2,693","2,747","2,748","2,757","2,788","2,830","2,879","2,832","2,909","3,003",,100.0,103.1,107.3,110.6,117.8,121.5,124.6,130.1,136.3,140.6,148.5,157.4,161.4,164.8,164.3,164.9,166.8,169.2,172.2,169.4,174.1,180.1
,Total ville,,"6,114","6,370","6,299","6,624","7,047","7,741","8,581","9,380","9,715","9,618","9,764","9,576","9,673","9,792","4,966","4,987","5,033","5,022","5,083","4,960","5,078","5,230",,100.0,103.4,103.5,106.8,112.9,119.0,126.2,135.5,140.5,142.8,147.1,149.1,151.4,153.8,155.7,156.5,158.4,159.6,162.1,158.7,162.8,168.3
Mohammadia,Villa,PT,"4,757","5,013","5,331","5,661","5,499","5,280","5,296","5,599","5,898","6,027","6,214","6,710","6,844","7,052","7,201","7,284","7,378","7,422","7,547","7,505","7,618","7,824",,100.0,105.4,112.1,119.0,115.6,111.0,111.3,117.7,124.0,126.7,130.6,141.1,143.9,148.2,151.4,153.1,155.1,156.0,158.7,157.8,160.1,164.5
,,MT,"5,698","5,953","6,401","6,966","7,605","8,139","8,682","9,510","10,287","10,681","11,166","11,347","11,613","12,074","12,312","12,485","12,621","12,673","12,869","12,633","12,832","13,016",,100.0,104.5,112.3,122.3,133.5,142.8,152.4,166.9,180.5,187.5,196.0,199.1,203.8,211.9,216.1,219.1,221.5,222.4,225.9,221.7,225.2,228.4
,,GT,"11,120","12,109","13,154","14,331","15,742","17,168","18,543","20,260","21,556","21,191","21,571","22,000","22,615","23,484","23,720","23,536","23,686","22,440","22,549","22,152","22,370","22,633",,100.0,108.9,118.3,128.9,141.6,154.4,166.8,182.2,193.8,190.6,194.0,197.8,203.4,211.2,213.3,211.7,213.0,201.8,202.8,199.2,201.2,203.5
,,VIL,"6,452","6,830","7,357","7,987","8,628","9,191","9,790","10,682","11,470","11,696","12,117","12,389","12,692","13,181","13,969","14,037","14,168","13,908","14,069","13,835","14,020","14,228",,100.0,105.4,113.3,122.8,132.0,139.7,148.3,161.7,173.8,178.4,185.3,189.7,194.3,201.7,201.9,203.5,205.6,203.6,206.3,203.0,205.9,209.1
,Appartement standing,PT,"2,447","2,553","2,644","2,759","2,933","3,181","3,456","3,562","3,616","3,711","3,699","3,737","3,771","3,832","3,910","3,985","4,048","4,073","4,098","4,064","4,157","4,354",,100.0,104.3,108.1,112.7,119.9,130.0,141.2,145.6,147.7,151.6,151.1,152.7,154.1,156.6,159.7,162.8,165.4,166.4,167.5,166.0,169.8,177.9
,,MT,"4,468","4,548","4,577","4,667","4,779","4,915","5,077","5,228","5,345","5,543","5,503","5,545","5,581","5,631","5,696","5,726","5,750","5,789","5,853","5,748","5,844","6,083",,100.0,101.8,102.4,104.5,107.0,110.0,113.6,117.0,119.6,124.1,123.2,124.1,124.9,126.0,127.5,128.2,128.7,129.6,131.0,128.7,130.8,136.2
,,GT,"5,878","6,186","6,486","6,786","6,875","7,298","7,663","8,020","8,186","8,265","8,240","8,054","7,954","7,975","8,007","8,120","8,112","8,204","8,240","8,177","8,239","8,415",,100.0,105.2,110.3,115.4,117.0,124.2,130.4,136.4,139.3,140.6,140.2,137.0,135.3,135.7,136.2,138.1,138.0,139.6,140.2,139.1,140.2,143.2
,,APS,"4,514","4,647","4,744","4,883","4,998","5,211","5,432","5,623","5,742","5,901","5,868","5,859","5,865","5,910","5,717","5,774","5,801","5,847","5,896","5,816","5,905","6,122",,100.0,102.9,104.9,107.9,110.8,115.7,120.9,125.0,127.6,131.3,130.5,130.6,131.0,132.1,136.8,138.3,139.2,140.2,141.4,139.5,141.9,147.4
,Appartement économique,PT,"1,284","1,299","1,321","1,369","1,413","1,464","1,530","1,610","1,604","1,700","1,838","1,986","2,006","2,073","2,085","2,111","2,138","2,151","2,162","2,115","2,171","2,277",,100.0,101.1,102.8,106.6,110.0,114.0,119.1,125.3,124.9,132.4,143.1,154.6,156.2,161.4,162.4,164.3,166.5,167.5,168.3,164.6,169.0,177.3
,,MT,"1,828","1,875","1,832","1,882","2,017","2,027","2,122","2,260","2,267","2,441","2,552","2,779","2,827","2,906","2,915","2,946","2,988","3,063","3,072","3,043","3,117","3,233",,100.0,102.5,100.2,103.0,110.3,110.8,116.1,123.6,124.0,133.5,139.6,152.0,154.6,159.0,159.4,161.1,163.4,167.5,168.0,166.5,170.5,176.8
,,GT,"2,541","2,608","2,720","2,708","2,821","3,081","3,331","3,371","3,310","3,424","3,494","3,723","3,754","3,778","3,791","3,839","3,881","3,901","3,935","3,857","3,904","3,985",,100.0,102.6,107.0,106.6,111.0,121.2,131.1,132.6,130.3,134.7,137.5,146.5,147.7,148.7,149.2,151.1,152.7,153.5,154.9,151.8,153.6,156.8
,,APE,"1,721","1,758","1,758","1,800","1,899","1,955","2,060","2,164","2,158","2,296","2,411","2,609","2,645","2,713","2,814","2,846","2,884","2,936","2,948","2,908","2,973","3,082",,100.0,102.0,102.0,104.7,110.3,113.3,119.1,125.4,125.1,133.3,140.6,152.2,154.3,158.5,158.8,160.6,162.8,165.6,166.3,164.0,167.8,174.2
,Maison sur lot économique,PT,"1,082","1,075","1,131","1,166","1,232","1,255","1,258","1,326","1,317","1,402","1,503","1,631","1,712","1,768","1,789","1,799","1,818","1,865","1,888","1,859","1,906","2,006",,100.0,99.4,104.5,107.8,113.9,116.0,116.3,122.6,121.8,129.6,139.0,150.8,158.2,163.5,165.4,166.3,168.1,172.4,174.6,171.8,176.2,185.4
,,MT,"1,311","1,366","1,461","1,562","1,681","1,764","1,803","1,917","1,971","2,084","2,241","2,433","2,509","2,581","2,605","2,639","2,678","2,688","2,724","2,677","2,736","2,857",,100.0,104.1,111.4,119.1,128.2,134.5,137.5,146.2,150.3,158.9,170.9,185.5,191.4,196.9,198.7,201.2,204.2,205.0,207.7,204.2,208.7,217.8
,,GT,"2,039","2,133","2,221","2,359","2,460","2,487","2,626","2,760","2,862","3,018","3,230","3,373","3,434","3,506","3,486","3,459","3,502","3,528","3,587","3,566","3,634","3,722",,100.0,104.6,108.9,115.7,120.6,121.9,128.8,135.3,140.3,148.0,158.4,165.4,168.4,171.9,171.0,169.6,171.7,173.0,175.9,174.9,178.2,182.5
,,MLE,"1,320","1,357","1,437","1,519","1,616","1,670","1,708","1,809","1,846","1,954","2,097","2,260","2,336","2,402","2,509","2,526","2,560","2,583","2,619","2,581","2,638","2,748",,100.0,102.5,108.6,114.6,122.0,126.2,128.6,136.2,138.7,146.9,157.7,170.3,176.4,181.5,184.9,186.4,188.9,190.7,193.3,190.4,194.7,203.1
,Total ville,,"1,932","1,989","2,051","2,139","2,258","2,343","2,445","2,582","2,633","2,763","2,890","3,058","3,119","3,199","3,375","3,400","3,439","3,456","3,495","3,444","3,511","3,634",,100.0,102.4,105.6,110.0,116.3,120.1,124.5,131.4,133.0,140.7,148.9,159.9,163.6,168.1,177.0,178.5,180.8,182.6,184.7,182.0,186.0,193.5
Nouaceur,Villa,PT,"4,327","4,654","5,063","5,520","6,059","6,640","6,815","7,427","8,156","8,388","8,567","8,754","8,962","9,080","9,053","9,143","9,224","9,549","9,693","9,550","9,608","9,845",,100.0,107.6,117.0,127.6,140.0,153.5,157.5,171.7,188.5,193.9,198.0,202.3,207.1,209.8,209.2,211.3,213.2,220.7,224.0,220.7,222.0,227.5
,,MT,"8,248","7,973","8,082","8,433","9,009","9,409","10,079","11,035","11,960","12,892","14,003","15,349","16,209","16,546","16,452","16,103","16,272","16,399","16,603","16,101","16,381","16,822",,100.0,96.7,98.0,102.2,109.2,114.1,122.2,133.8,145.0,156.3,169.8,186.1,196.5,200.6,199.5,195.2,197.3,198.8,201.3,195.2,198.6,203.9
,,GT,"14,949","15,850","16,548","17,870","18,280","19,527","21,451","23,562","25,846","28,350","30,667","31,232","31,565","32,182","31,695","30,964","31,216","30,309","30,714","30,219","30,547","30,950",,100.0,106.0,110.7,119.5,122.3,130.6,143.5,157.6,172.9,189.6,205.1,208.9,211.2,215.3,212.0,207.1,208.8,202.8,205.5,202.2,204.3,207.0
,,VIL,"9,800","10,134","10,548","11,301","11,803","12,576","13,599","14,909","16,305","17,659","18,990","19,732","20,219","20,607","19,551","19,181","19,356","19,205","19,458","19,039","19,284","19,667",,100.0,103.1,107.9,115.5,122.3,130.7,139.6,152.9,167.1,178.9,190.8,199.1,204.9,208.7,205.6,202.6,204.5,205.0,207.7,203.1,205.7,210.2
,Appartement standing,PT,"2,201","2,318","2,405","2,512","2,635","2,832","3,102","3,347","3,501","3,598","3,722","3,790","3,725","3,759","3,890","3,969","4,014","4,111","4,226","4,085","4,167","4,382",,100.0,105.3,109.3,114.1,119.7,128.7,141.0,152.1,159.1,163.5,169.1,172.2,169.2,170.8,176.7,180.3,182.4,186.8,192.0,185.6,189.3,199.1
,,MT,"3,375","3,507","3,602","3,746","3,645","3,809","4,054","4,235","4,465","4,636","4,776","4,851","4,736","4,745","4,869","4,915","4,951","5,064","5,219","5,174","5,311","5,486",,100.0,103.9,106.7,111.0,108.0,112.9,120.1,125.5,132.3,137.4,141.5,143.7,140.3,140.6,144.3,145.6,146.7,150.0,154.6,153.3,157.4,162.6
,,GT,"4,840","5,090","5,325","5,459","5,697","6,079","6,504","6,907","7,266","7,347","7,599","7,488","7,321","7,290","7,423","7,472","7,507","7,603","7,893","7,765","7,873","8,050",,100.0,105.2,110.0,112.8,117.7,125.6,134.4,142.7,150.1,151.8,157.0,154.7,151.3,150.6,153.4,154.4,155.1,157.1,163.1,160.4,162.7,166.3
,,APS,"3,412","3,565","3,688","3,821","3,845","4,062","4,352","4,595","4,834","4,969","5,129","5,163","5,048","5,055","4,832","4,888","4,926","5,033","5,190","5,109","5,227","5,414",,100.0,104.5,108.0,112.1,112.8,119.2,128.0,135.3,142.3,146.5,151.2,152.7,149.4,149.8,154.5,156.5,157.8,161.4,166.3,163.3,167.1,173.5
,Appartement économique,PT,"1,266","1,279","1,298","1,345","1,364","1,437","1,503","1,562","1,602","1,706","1,812","1,908","1,928","1,946","2,009","2,009","2,032","2,067","2,088","2,054","2,133","2,234",,100.0,101.0,102.5,106.2,107.7,113.5,118.7,123.4,126.5,134.7,143.1,150.7,152.3,153.7,158.6,158.6,160.5,163.2,164.9,162.2,168.5,176.5
,,MT,"1,752","1,794","1,751","1,797","1,801","1,934","1,994","2,133","2,198","2,382","2,471","2,601","2,642","2,653","2,730","2,761","2,790","2,820","2,858","2,835","2,944","3,073",,100.0,102.4,99.9,102.6,102.8,110.4,113.8,121.7,125.4,135.9,141.0,148.4,150.7,151.4,155.8,157.6,159.2,160.9,163.1,161.8,168.0,175.4
,,GT,"2,389","2,521","2,526","2,512","2,601","2,796","2,990","3,140","3,132","3,245","3,346","3,424","3,408","3,351","3,449","3,478","3,495","3,538","3,592","3,612","3,662","3,738",,100.0,105.5,105.7,105.2,108.9,117.1,125.2,131.4,131.1,135.8,140.1,143.4,142.7,140.3,144.4,145.6,146.3,148.1,150.4,151.2,153.3,156.5
,,APE,"1,652","1,696","1,685","1,722","1,745","1,863","1,945","2,054","2,098","2,240","2,337","2,446","2,470","2,474","2,616","2,638","2,663","2,697","2,732","2,712","2,803","2,917",,100.0,102.3,101.8,104.4,105.7,112.6,117.4,123.8,126.7,135.4,141.7,148.6,150.2,150.7,155.0,156.2,157.8,159.8,161.8,160.4,166.1,173.1
,Maison sur lot économique,PT,986,988,"1,047","1,074","1,084","1,149","1,218","1,269","1,345","1,455","1,569","1,672","1,675","1,692","1,704","1,735","1,749","1,772","1,786","1,748","1,822","1,922",,100.0,100.2,106.2,108.9,109.8,116.5,123.5,128.7,136.3,147.6,159.0,169.5,169.8,171.5,172.8,175.9,177.3,179.6,181.0,177.2,184.7,194.8
,,MT,"1,146","1,151","1,240","1,341","1,413","1,519","1,628","1,758","1,901","2,032","2,154","2,299","2,320","2,332","2,344","2,359","2,367","2,428","2,434","2,400","2,516","2,675",,100.0,100.4,108.2,117.0,123.3,132.5,142.0,153.4,165.8,177.3,187.9,200.6,202.4,203.5,204.6,205.9,206.5,211.9,212.4,209.4,219.5,233.4
,,GT,"1,911","2,015","2,115","2,263","2,204","2,350","2,561","2,765","2,988","3,176","3,356","3,447","3,455","3,448","3,414","3,418","3,441","3,477","3,491","3,430","3,531","3,686",,100.0,105.4,110.6,118.4,115.3,123.0,134.0,144.7,156.3,166.2,175.6,180.3,180.8,180.4,178.6,178.8,180.0,181.9,182.6,179.4,184.7,192.9
,,MLE,"1,196","1,214","1,292","1,371","1,398","1,494","1,602","1,712","1,840","1,971","2,098","2,219","2,231","2,242","2,295","2,313","2,324","2,371","2,380","2,341","2,442","2,583",,100.0,101.1,107.7,114.0,116.7,124.7,133.4,142.2,152.7,163.8,174.6,185.2,186.2,187.3,191.5,193.1,194.1,198.1,198.9,195.6,204.3,216.3
,Total ville,,"1,661","1,702","1,747","1,822","1,857","1,982","2,102","2,241","2,360","2,523","2,663","2,789","2,813","2,829","3,146","3,151","3,172","3,212","3,241","3,188","3,294","3,443",,100.0,101.8,104.9,109.4,111.5,118.9,125.8,133.5,140.4,150.2,158.6,167.2,168.4,169.3,185.2,186.7,187.8,191.3,192.6,189.5,197.3,208.1
Médiouna,Villa,PT,"2,894","3,082","3,315","3,567","3,686","3,786","3,943","4,233","4,553","4,797","4,923","5,172","5,146","5,273","5,298","5,386","5,509","5,592","5,672","5,660","5,710","5,893",,100.0,106.5,114.5,123.3,127.4,130.8,136.2,146.2,157.3,165.8,170.1,178.7,177.8,182.2,183.1,186.1,190.4,193.2,196.0,195.6,197.3,203.6
,,MT,"4,311","4,335","4,527","4,825","5,211","5,509","5,889","6,450","6,983","7,389","7,874","8,313","8,645","8,877","8,896","8,931","9,101","9,114","9,211","9,068","9,121","9,294",,100.0,100.6,105.0,111.9,120.9,127.8,136.6,149.6,162.0,171.4,182.6,192.8,200.5,205.9,206.3,207.2,211.1,211.4,213.7,210.3,211.6,215.6
,,GT,"6,506","6,991","7,446","8,077","8,566","9,247","10,072","11,034","11,921","12,390","13,004","13,465","13,513","13,810","13,740","13,843","14,006","14,050","14,250","13,595","13,730","13,880",,100.0,107.5,114.4,124.1,131.7,142.1,154.8,169.6,183.2,190.4,199.9,207.0,207.7,212.3,211.2,212.8,215.3,216.0,219.0,209.0,211.0,213.3
,,VIL,"4,484","4,674","4,946","5,318","5,656","5,998","6,431","7,020","7,586","7,962","8,381","8,772","8,929","9,149","9,513","9,585","9,740","9,782","9,908","9,633","9,712","9,880",,100.0,104.0,110.1,118.3,125.5,132.4,141.2,153.9,166.2,174.8,183.6,192.5,196.0,200.9,201.7,203.4,206.9,208.0,210.7,205.9,207.6,211.6
,Appartement standing,PT,"2,028","2,117","2,177","2,255","2,358","2,529","2,641","2,789","2,988","3,082","3,157","3,154","3,057","3,133","3,157","3,264","3,341","3,414","3,514","3,443","3,510","3,627",,100.0,104.4,107.4,111.2,116.3,124.7,130.3,137.6,147.4,152.0,155.7,155.5,150.7,154.5,155.7,161.0,164.8,168.4,173.3,169.8,173.1,178.9
,,MT,"3,021","3,112","3,168","3,266","3,329","3,305","3,353","3,429","3,738","3,783","3,935","3,830","3,775","3,842","3,838","3,889","3,959","4,019","4,114","4,056","4,131","4,281",,100.0,103.0,104.9,108.1,110.2,109.4,111.0,113.5,123.7,125.3,130.3,126.8,125.0,127.2,127.1,128.7,131.1,133.1,136.2,134.3,136.8,141.7
,,GT,"4,108","4,276","4,705","4,849","5,127","5,454","5,773","5,806","6,416","6,447","6,604","6,383","6,155","6,224","6,172","6,188","6,281","6,371","6,536","6,307","6,382","6,482",,100.0,104.1,114.5,118.0,124.8,132.8,140.5,141.3,156.2,156.9,160.8,155.4,149.8,151.5,150.2,150.6,152.9,155.1,159.1,153.5,155.4,157.8
,,APS,"2,867","2,966","3,067","3,164","3,263","3,335","3,432","3,524","3,836","3,894","4,024","3,935","3,848","3,917","4,033","4,094","4,169","4,238","4,345","4,257","4,329","4,462",,100.0,103.5,106.7,110.1,113.6,116.4,119.8,123.5,134.1,136.4,140.9,138.2,135.1,137.7,138.6,141.0,143.7,146.2,149.9,147.0,149.6,154.4
,Appartement économique,PT,"1,296","1,298","1,306","1,341","1,356","1,426","1,422","1,447","1,519","1,624","1,707","1,764","1,758","1,802","1,811","1,836","1,880","1,947","1,957","1,941","2,017","2,091",,100.0,100.1,100.8,103.5,104.6,110.0,109.7,111.6,117.2,125.3,131.7,136.1,135.6,139.0,139.7,141.6,145.0,150.2,150.9,149.7,155.6,161.3
,,MT,"1,845","1,873","1,812","1,843","1,935","1,974","1,940","2,032","2,165","2,287","2,396","2,415","2,477","2,527","2,532","2,570","2,625","2,645","2,657","2,621","2,694","2,820",,100.0,101.5,98.2,99.9,104.9,107.0,105.1,110.1,117.3,123.9,129.8,130.9,134.3,136.9,137.2,139.3,142.2,143.3,144.0,142.0,146.0,152.8
,,GT,"2,457","2,568","2,705","2,705","2,837","3,041","3,217","3,198","3,352","3,452","3,525","3,538","3,473","3,468","3,476","3,492","3,544","3,613","3,636","3,663","3,688","3,763",,100.0,104.5,110.1,110.1,115.5,123.8,130.9,130.1,136.4,140.5,143.4,144.0,141.3,141.1,141.4,142.1,144.2,147.0,148.0,149.1,150.1,153.1
,,APE,"1,797","1,833","1,837","1,862","1,938","2,022","2,041","2,088","2,206","2,318","2,411","2,441","2,455","2,491","2,495","2,525","2,576","2,619","2,632","2,614","2,679","2,780",,100.0,101.7,101.5,103.2,107.0,111.5,112.0,114.8,121.3,127.8,133.3,135.3,136.2,138.5,138.7,140.5,143.4,146.0,146.8,145.6,149.5,155.4
,Maison sur lot économique,PT,"1,120","1,111","1,165","1,183","1,242","1,265","1,247","1,295","1,372","1,468","1,595","1,666","1,707","1,739","1,746","1,782","1,820","1,885","1,895","1,842","1,917","2,040",,100.0,99.1,104.0,105.6,110.9,112.9,111.3,115.6,122.5,131.0,142.4,148.7,152.3,155.2,155.9,159.0,162.5,168.3,169.1,164.5,171.1,182.1
,,MT,"1,343","1,404","1,475","1,564","1,695","1,778","1,791","1,883","2,037","2,185","2,333","2,426","2,502","2,538","2,543","2,526","2,568","2,653","2,674","2,668","2,741","2,867",,100.0,104.5,109.8,116.4,126.2,132.3,133.3,140.2,151.6,162.6,173.7,180.6,186.3,188.9,189.3,188.0,191.2,197.5,199.1,198.6,204.0,213.4
,,GT,"2,112","2,203","2,289","2,424","2,481","2,505","2,595","2,756","3,034","3,201","3,341","3,342","3,424","3,447","3,404","3,440","3,469","3,555","3,605","3,588","3,662","3,735",,100.0,104.3,108.3,114.8,117.4,118.6,122.9,130.5,143.6,151.6,158.2,158.2,162.1,163.2,161.1,162.8,164.2,168.3,170.7,169.9,173.4,176.8
,,MLE,"1,433","1,477","1,546","1,622","1,714","1,765","1,784","1,877","2,032","2,167","2,307","2,374","2,439","2,471","2,436","2,442","2,482","2,561","2,583","2,561","2,635","2,752",,100.0,102.8,107.6,112.6,119.4,123.2,124.0,130.2,140.6,150.1,160.3,165.6,170.3,172.6,175.1,175.6,178.5,184.4,185.8,184.1,189.6,198.5
,Total ville,,"1,672","1,715","1,755","1,811","1,899","1,970","1,996","2,073","2,218","2,344","2,464","2,516","2,555","2,592","2,756","2,769","2,816","2,889","2,916","2,883","2,956","3,073",,100.0,102.3,104.7,108.1,113.4,117.5,118.4,122.9,131.4,139.4,147.2,150.9,153.5,155.9,170.5,171.2,174.2,179.3,180.8,179.0,184.1,192.3
Benslimane,Villa,PT,"2,864","3,027","3,232","3,451","3,539","3,607","3,727","3,970","4,236","4,428","4,508","4,698","4,636","4,711","4,694","4,734","4,799","4,835","4,935","4,905","4,978","5,141",,100.0,105.7,112.8,120.5,123.6,125.9,130.1,138.6,147.9,154.6,157.4,164.0,161.8,164.5,163.9,165.3,167.5,168.8,172.3,171.2,173.8,179.5
,,MT,"3,577","3,584","3,729","3,960","4,260","4,488","4,779","5,214","5,625","5,929","6,294","6,620","6,858","7,015","7,003","7,003","7,110","7,210","7,347","7,386","7,489","7,704",,100.0,100.2,104.2,110.7,119.1,125.5,133.6,145.8,157.2,165.7,175.9,185.1,191.7,196.1,195.8,195.8,198.7,201.5,205.4,206.5,209.4,215.4
,,GT,"5,058","5,423","5,764","6,239","6,603","7,112","7,731","8,451","9,111","9,448","9,895","10,224","10,238","10,441","10,365","10,419","10,521","10,586","10,776","10,781","10,918","11,129",,100.0,107.2,114.0,123.4,130.6,140.6,152.9,167.1,180.1,186.8,195.7,202.2,202.4,206.4,204.9,206.0,208.0,209.3,213.1,213.2,215.9,220.0
,,VIL,"3,949","4,095","4,313","4,621","4,910","5,204","5,576","6,074","6,543","6,841","7,189","7,495","7,615","7,774","7,398","7,422","7,518","7,593","7,736","7,750","7,855","8,057",,100.0,103.3,108.7,116.3,123.5,130.4,139.3,151.6,163.2,170.9,179.5,187.4,190.6,194.6,190.8,191.5,194.0,196.0,199.8,200.1,202.8,208.3
,Appartement standing,PT,"1,944","2,017","2,061","2,136","2,223","2,347","2,435","2,555","2,719","2,785","2,833","2,811","2,706","2,755","2,756","2,830","2,876","2,877","2,891","2,838","2,896","3,045",,100.0,103.7,106.0,109.8,114.3,120.7,125.3,131.4,139.8,143.3,145.7,144.6,139.2,141.7,141.7,145.5,147.9,148.0,148.7,146.0,149.0,156.6
,,MT,"2,458","2,536","2,584","2,667","2,721","2,705","2,763","2,883","3,069","3,110","3,239","3,156","3,114","3,172","3,173","3,218","3,282","3,320","3,350","3,320","3,386","3,522",,100.0,103.1,105.1,108.5,110.7,110.0,112.4,117.3,124.9,126.5,131.7,128.4,126.7,129.0,129.1,130.9,133.5,135.1,136.3,135.0,137.8,143.3
,,GT,"3,230","3,410","3,703","3,803","4,018","4,270","4,516","4,788","5,011","5,031","5,149","4,972","4,790","4,841","4,795","4,824","4,851","4,902","4,966","4,953","5,008","5,150",,100.0,105.6,114.7,117.7,124.4,132.2,139.8,148.2,155.1,155.8,159.4,153.9,148.3,149.9,148.5,149.4,150.2,151.8,153.8,153.3,155.1,159.4
,,APS,"2,411","2,509","2,609","2,692","2,795","2,896","3,007","3,160","3,344","3,392","3,484","3,406","3,308","3,360","3,313","3,367","3,417","3,443","3,473","3,437","3,499","3,640",,100.0,103.9,107.6,111.1,115.2,119.3,123.7,129.9,137.7,139.9,143.6,140.7,136.6,138.8,137.6,140.0,142.2,143.1,144.3,142.7,145.3,151.4
,Appartement économique,PT,844,877,917,950,993,"1,050","1,068","1,082","1,130","1,203","1,258","1,294","1,342","1,369","1,397","1,408","1,432","1,462","1,474","1,445","1,492","1,576",,100.0,104.0,108.7,112.6,117.7,124.5,126.6,128.2,134.0,142.5,149.1,153.3,159.1,162.3,165.5,166.9,169.8,173.3,174.7,171.2,176.8,186.8
,,MT,"1,116","1,162","1,210","1,278","1,332","1,364","1,407","1,491","1,589","1,666","1,732","1,774","1,821","1,857","1,903","1,939","1,971","2,013","2,023","1,985","2,046","2,155",,100.0,104.1,108.4,114.5,119.4,122.3,126.1,133.6,142.4,149.3,155.3,159.0,163.2,166.4,170.5,173.8,176.7,180.4,181.3,177.9,183.4,193.1
,,GT,"1,499","1,556","1,636","1,706","1,795","1,911","2,007","2,104","2,195","2,250","2,289","2,368","2,487","2,509","2,528","2,551","2,579","2,621","2,666","2,655","2,681","2,729",,100.0,103.8,109.1,113.8,119.7,127.4,133.9,140.4,146.4,150.0,152.7,157.9,165.9,167.4,168.6,170.2,172.0,174.8,177.8,177.1,178.8,182.0
,,APE,"1,118","1,163","1,215","1,274","1,332","1,388","1,435","1,502","1,585","1,656","1,714","1,762","1,823","1,854","1,898","1,925","1,955","1,993","2,011","1,980","2,031","2,122",,100.0,104.0,108.6,113.9,119.0,123.9,127.8,133.5,140.9,147.6,153.0,157.2,162.6,165.5,168.9,171.3,174.0,177.5,178.9,176.1,180.8,189.3
,Maison sur lot économique,PT,920,934,975,"1,018","1,063","1,088","1,089","1,120","1,147","1,192","1,234","1,264","1,303","1,321","1,347","1,367","1,397","1,453","1,463","1,413","1,450","1,528",,100.0,101.5,105.9,110.6,115.5,118.2,118.3,121.7,124.6,129.5,134.0,137.3,141.5,143.5,146.3,148.5,151.8,157.8,158.9,153.5,157.6,166.1
,,MT,"1,058","1,103","1,133","1,177","1,267","1,334","1,411","1,500","1,600","1,654","1,728","1,790","1,812","1,838","1,884","1,891","1,918","1,955","1,966","1,988","2,027","2,117",,100.0,104.2,107.1,111.2,119.7,126.0,133.3,141.8,151.2,156.3,163.3,169.2,171.3,173.7,178.0,178.7,181.3,184.7,185.8,187.9,191.6,200.1
,,GT,"1,508","1,563","1,620","1,691","1,735","1,763","1,837","1,896","2,048","2,150","2,237","2,305","2,387","2,428","2,475","2,513","2,524","2,594","2,616","2,587","2,606","2,661",,100.0,103.6,107.4,112.1,115.0,116.9,121.8,125.7,135.8,142.6,148.3,152.8,158.2,161.0,164.1,166.6,167.3,172.0,173.4,171.5,172.8,176.5
,,MLE,"1,112","1,149","1,188","1,238","1,306","1,353","1,408","1,475","1,565","1,627","1,694","1,749","1,788","1,814","1,818","1,834","1,860","1,907","1,920","1,913","1,949","2,030",,100.0,103.3,106.8,111.2,117.6,122.0,126.8,132.9,140.6,146.0,152.1,157.0,160.3,162.7,166.7,168.1,170.6,175.0,176.1,175.4,178.9,186.6
,Total ville,,"1,172","1,215","1,264","1,322","1,388","1,444","1,500","1,574","1,667","1,736","1,803","1,855","1,904","1,935","2,030","2,049","2,078","2,124","2,141","2,131","2,171","2,259",,100.0,103.7,107.7,112.6,118.3,123.0,127.4,133.4,141.0,147.0,152.8,157.2,161.5,164.1,166.5,168.0,170.5,174.6,175.8,174.9,178.4,186.1
Berrechid,Villa,PT,"2,866","3,051","3,282","3,532","3,668","3,842","4,080","4,401","4,734","4,988","5,222","5,486","5,619","5,786","5,885","5,974","6,104","6,264","6,355","6,356","6,412","6,540",,100.0,106.5,114.5,123.3,128.0,134.1,142.4,153.6,165.2,174.1,182.2,191.4,196.1,201.9,205.4,208.5,213.0,218.6,221.8,221.8,223.8,228.2
,,MT,"4,105","4,285","4,475","4,769","5,151","5,446","5,822","6,375","6,903","7,304","7,784","8,218","8,545","8,775","8,964","9,186","9,325","9,469","9,627","9,551","9,585","9,707",,100.0,104.4,109.0,116.2,125.5,132.7,141.8,155.3,168.2,177.9,189.6,200.2,208.2,213.8,218.4,223.8,227.2,230.7,234.5,232.7,233.5,236.5
,,GT,"5,647","6,068","6,463","7,011","7,435","8,026","8,743","9,577","10,347","10,860","11,399","11,919","12,078","12,423","12,736","12,877","12,947","13,597","13,786","13,620","13,723","13,918",,100.0,107.5,114.4,124.1,131.7,142.1,154.8,169.6,183.2,192.3,201.9,211.1,213.9,220.0,225.5,228.0,229.3,240.8,244.1,241.2,243.0,246.5
,,VIL,"4,304","4,565","4,832","5,198","5,533","5,895","6,349","6,937","7,496","7,897","8,336","8,756","8,981","9,233","9,212","9,378","9,496","9,782","9,931","9,850","9,909","10,052",,100.0,105.9,112.2,120.5,128.1,136.1,146.2,159.6,172.4,181.7,191.8,201.6,207.1,212.9,217.0,221.1,224.1,230.4,233.9,232.2,233.6,237.1
,Appartement standing,PT,"2,018","2,106","2,167","2,244","2,312","2,408","2,549","2,692","2,884","2,975","3,047","3,171","3,315","3,398","3,497","3,624","3,656","3,705","3,775","3,713","3,801","3,932",,100.0,104.4,107.4,111.2,114.6,119.3,126.4,133.4,143.0,147.5,151.0,157.2,164.3,168.4,173.3,179.6,181.2,183.6,187.1,184.0,188.4,194.9
,,MT,"2,628","2,708","2,757","2,842","2,896","3,033","3,144","3,215","3,407","3,588","3,732","3,914","4,064","4,136","4,240","4,316","4,400","4,490","4,565","4,482","4,555","4,665",,100.0,103.0,104.9,108.1,110.2,115.4,119.6,122.3,129.6,136.5,142.0,148.9,154.6,157.4,161.3,164.2,167.4,170.8,173.7,170.5,173.3,177.5
,,GT,"3,348","3,486","3,691","3,804","4,022","4,278","4,529","4,800","5,022","5,157","5,282","5,581","5,818","5,913","6,095","6,159","6,253","6,333","6,414","6,347","6,379","6,460",,100.0,104.1,110.2,113.6,120.1,127.8,135.3,143.4,150.0,154.0,157.8,166.7,173.8,176.6,182.0,184.0,186.7,189.2,191.6,189.6,190.5,192.9
,,APS,"2,576","2,670","2,755","2,843","2,936","3,084","3,234","3,370","3,568","3,710","3,827","4,013","4,180","4,260","4,363","4,454","4,522","4,596","4,671","4,598","4,668","4,780",,100.0,103.7,106.8,110.3,113.7,119.2,125.1,130.3,138.2,143.7,148.2,155.3,161.8,165.0,169.7,173.6,176.1,179.0,182.0,179.1,182.0,186.7
,Appartement économique,PT,750,789,831,879,929,"1,008","1,051","1,091","1,168","1,255","1,319","1,363","1,414","1,450","1,464","1,487","1,504","1,579","1,645","1,619","1,700","1,806",,100.0,105.2,110.8,117.2,123.8,134.4,140.2,145.4,155.7,167.3,175.9,181.7,188.5,193.3,195.2,198.2,200.5,210.5,219.3,215.9,226.6,240.7
,,MT,"1,326","1,392","1,433","1,468","1,542","1,584","1,617","1,694","1,805","1,906","1,997","2,029","2,081","2,123","2,159","2,205","2,250","2,292","2,331","2,285","2,349","2,449",,100.0,104.9,108.0,110.7,116.3,119.4,121.9,127.7,136.1,143.8,150.6,153.0,156.9,160.1,162.8,166.3,169.6,172.8,175.8,172.3,177.1,184.7
,,GT,"1,997","2,087","2,166","2,227","2,291","2,361","2,450","2,489","2,533","2,608","2,663","2,724","2,769","2,785","2,798","2,815","2,834","2,919","2,967","2,968","3,005","3,077",,100.0,104.5,108.5,111.5,114.7,118.2,122.7,124.6,126.8,130.6,133.4,136.4,138.6,139.4,140.1,140.9,141.9,146.1,148.6,148.6,150.5,154.1
,,APE,"1,289","1,352","1,399","1,442","1,508","1,564","1,608","1,670","1,762","1,855","1,934","1,973","2,024","2,060","2,117","2,150","2,182","2,242","2,290","2,260","2,323","2,418",,100.0,104.9,108.8,112.5,117.9,123.0,126.6,131.7,139.5,147.5,154.2,157.5,161.9,165.1,166.3,169.1,171.7,176.9,181.2,178.5,184.3,192.7
,Maison sur lot économique,PT,940,969,994,"1,027","1,049","1,078","1,122","1,166","1,218","1,277","1,361","1,415","1,450","1,477","1,528","1,555","1,577","1,662","1,722","1,698","1,754","1,844",,100.0,103.1,105.8,109.3,111.6,114.7,119.5,124.1,129.6,135.9,144.9,150.6,154.3,157.2,162.6,165.5,167.9,176.9,183.2,180.7,186.7,196.2
,,MT,"1,283","1,342","1,389","1,443","1,513","1,571","1,622","1,689","1,757","1,813","1,862","1,889","1,921","1,948","1,959","1,995","2,043","2,157","2,193","2,140","2,224","2,306",,100.0,104.5,108.2,112.5,117.9,122.4,126.4,131.6,136.9,141.3,145.1,147.2,149.7,151.8,152.7,155.5,159.2,168.1,170.9,166.8,173.3,179.7
,,GT,"1,916","1,979","2,036","2,094","2,143","2,174","2,263","2,368","2,460","2,521","2,580","2,670","2,737","2,758","2,793","2,817","2,847","2,906","2,962","2,894","2,928","2,996",,100.0,103.3,106.3,109.3,111.9,113.5,118.1,123.6,128.4,131.6,134.7,139.4,142.9,144.0,145.8,147.0,148.6,151.7,154.6,151.0,152.8,156.4
,,MLE,"1,298","1,350","1,393","1,443","1,497","1,544","1,600","1,666","1,734","1,792","1,851","1,895","1,933","1,959","2,029","2,060","2,096","2,189","2,236","2,188","2,253","2,334",,100.0,104.0,107.3,111.2,115.4,119.1,123.4,128.5,133.7,138.4,143.4,146.8,149.7,151.9,153.9,156.4,159.2,166.8,170.6,167.1,172.4,179.0
,Total ville,,"1,385","1,447","1,498","1,552","1,619","1,679","1,740","1,817","1,910","1,994","2,072","2,125","2,175","2,212","2,243","2,278","2,316","2,406","2,455","2,410","2,474","2,560",,100.0,104.5,108.1,112.0,116.8,121.3,125.5,130.7,137.5,143.8,149.7,153.3,157.1,159.8,157.9,160.5,163.3,170.2,174.1,170.8,176.1,182.9
Settat,Villa,PT,"2,832","2,960","3,068","3,170","3,283","3,431","3,550","3,708","3,891","4,078","4,262","4,451","4,652","4,851","5,045","5,174","5,239","5,459","5,544","5,448","5,519","5,640",,100.0,104.5,108.3,111.9,115.9,121.1,125.4,130.9,137.4,144.0,150.5,157.2,164.2,171.3,178.1,182.7,185.0,192.8,195.8,192.4,194.9,199.1
,,MT,"3,983","4,172","4,356","4,576","4,809","5,063","5,379","5,696","5,980","6,265","6,568","6,894","7,196","7,499","7,790","8,067","8,109","8,273","8,386","8,305","8,372","8,471",,100.0,104.8,109.4,114.9,120.8,127.1,135.1,143.0,150.2,157.3,164.9,173.1,180.7,188.3,195.6,202.6,203.6,207.7,210.6,208.5,210.2,212.7
,,GT,"5,574","5,913","6,271","6,620","6,989","7,407","7,879","8,358","8,932","9,523","9,992","10,406","10,839","11,210","11,670","11,987","11,985","12,246","12,388","12,150","12,220","12,307",,100.0,106.1,112.5,118.8,125.4,132.9,141.4,150.0,160.3,170.9,179.3,186.7,194.5,201.1,209.4,215.1,215.0,219.7,222.2,218.0,219.3,220.8
,,VIL,"4,666","4,926","5,191","5,464","5,752","6,078","6,449","6,830","7,254","7,687","8,061","8,415","8,772","9,097","8,653","8,914","8,944","9,156","9,274","9,131","9,201","9,299",,100.0,105.4,110.9,116.5,122.5,129.4,137.1,145.0,153.7,162.6,170.5,178.1,185.7,192.7,197.1,203.0,203.9,209.0,211.8,208.7,210.4,212.9
,Appartement standing,PT,"2,035","2,100","2,175","2,264","2,326","2,411","2,506","2,605","2,683","2,779","2,882","2,993","3,123","3,242","3,353","3,442","3,456","3,671","3,717","3,665","3,763","3,878",,100.0,103.2,106.9,111.3,114.3,118.5,123.2,128.0,131.8,136.6,141.6,147.1,153.4,159.3,164.8,169.1,169.8,180.4,182.6,180.1,184.9,190.5
,,MT,"2,575","2,669","2,765","2,845","2,924","3,000","3,106","3,207","3,312","3,405","3,504","3,655","3,764","3,877","3,990","4,093","4,150","4,271","4,318","4,318","4,442","4,565",,100.0,103.6,107.4,110.5,113.5,116.5,120.6,124.6,128.6,132.2,136.1,142.0,146.2,150.6,154.9,159.0,161.2,165.9,167.7,167.7,172.5,177.3
,,GT,"3,459","3,585","3,717","3,865","3,971","4,075","4,240","4,382","4,543","4,710","4,887","5,078","5,233","5,449","5,620","5,736","5,799","5,982","6,104","6,070","6,144","6,195",,100.0,103.6,107.5,111.7,114.8,117.8,122.6,126.7,131.3,136.1,141.3,146.8,151.3,157.5,162.5,165.8,167.6,172.9,176.4,175.5,177.6,179.1
,,APS,"2,618","2,711","2,809","2,905","2,984","3,068","3,183","3,292","3,401","3,509","3,624","3,774","3,897","4,031","4,115","4,217","4,264","4,419","4,478","4,459","4,569","4,677",,100.0,103.5,107.3,110.9,114.0,117.2,121.6,125.8,129.9,134.1,138.4,144.1,148.9,154.0,158.6,162.6,164.4,170.6,172.8,172.0,176.4,180.8
,Appartement économique,PT,794,828,866,902,934,977,"1,025","1,079","1,132","1,181","1,239","1,276","1,319","1,368","1,406","1,451","1,464","1,516","1,600","1,591","1,622","1,716",,100.0,104.4,109.1,113.6,117.6,123.1,129.1,136.0,142.7,148.7,156.1,160.8,166.2,172.4,177.1,182.8,184.4,191.0,201.5,200.4,204.4,216.1
,,MT,"1,257","1,293","1,338","1,373","1,419","1,469","1,510","1,564","1,619","1,688","1,750","1,813","1,862","1,906","1,925","1,963","1,998","2,044","2,093","2,084","2,105","2,173",,100.0,102.9,106.4,109.3,112.9,116.9,120.2,124.5,128.8,134.3,139.2,144.3,148.2,151.7,153.2,156.2,159.0,162.6,166.6,165.8,167.5,172.9
,,GT,"1,941","1,987","2,058","2,120","2,175","2,217","2,273","2,319","2,372","2,418","2,462","2,474","2,503","2,542","2,570","2,616","2,618","2,692","2,732","2,682","2,709","2,748",,100.0,102.4,106.0,109.2,112.0,114.2,117.1,119.5,122.2,124.6,126.8,127.5,129.0,131.0,132.4,134.8,134.9,138.7,140.8,138.2,139.6,141.6
,,APE,"1,287","1,325","1,374","1,414","1,459","1,506","1,551","1,604","1,658","1,718","1,775","1,823","1,867","1,911","1,927","1,968","1,991","2,044","2,101","2,083","2,108","2,176",,100.0,103.1,107.0,110.2,113.8,117.7,121.6,126.0,130.6,135.6,140.6,144.7,148.4,152.2,154.9,158.5,160.4,164.9,170.1,168.9,171.1,177.4
,Maison sur lot économique,PT,874,904,934,962,986,"1,013","1,045","1,071","1,111","1,153","1,204","1,256","1,308","1,361","1,385","1,411","1,421","1,456","1,510","1,510","1,577","1,643",,100.0,103.5,106.8,110.1,112.8,115.9,119.6,122.6,127.2,132.0,137.7,143.7,149.6,155.8,158.5,161.4,162.6,166.6,172.8,172.8,180.4,188.0
,,MT,"1,201","1,237","1,275","1,312","1,355","1,394","1,440","1,483","1,552","1,605","1,661","1,727","1,774","1,836","1,865","1,909","1,952","1,979","2,028","2,019","2,053","2,128",,100.0,103.1,106.2,109.3,112.9,116.1,119.9,123.6,129.3,133.7,138.4,143.9,147.8,153.0,155.4,159.0,162.6,164.9,168.9,168.2,171.0,177.3
,,GT,"1,728","1,771","1,812","1,880","1,947","1,989","2,060","2,108","2,147","2,171","2,221","2,268","2,341","2,402","2,429","2,449","2,466","2,497","2,541","2,560","2,605","2,657",,100.0,102.5,104.9,108.8,112.7,115.1,119.2,122.0,124.2,125.6,128.6,131.2,135.5,139.0,140.6,141.7,142.7,144.5,147.1,148.2,150.8,153.8
,,MLE,"1,231","1,268","1,304","1,345","1,389","1,425","1,473","1,514","1,570","1,615","1,669","1,728","1,781","1,841","1,869","1,903","1,932","1,962","2,011","2,010","2,055","2,123",,100.0,103.1,106.1,109.4,112.8,115.8,119.7,123.0,127.8,131.8,136.3,141.4,145.8,150.9,152.9,155.8,158.2,160.8,165.1,165.0,168.9,174.8
,Total ville,,"1,437","1,486","1,540","1,593","1,650","1,706","1,770","1,834","1,908","1,980","2,052","2,121","2,186","2,252","2,232","2,278","2,307","2,351","2,405","2,395","2,438","2,508",,100.0,103.2,106.7,110.1,113.8,117.4,121.5,125.6,130.5,135.2,140.1,144.8,149.1,153.7,155.4,158.6,160.8,163.9,168.3,167.8,171.4,177.1
El Jadida,Villa,PT,"2,894","3,073","3,298","3,539","3,654","3,768","3,940","4,225","4,533","4,763","4,908","5,143","5,152","5,274","5,306","5,377","5,482","5,553","5,609","5,609","5,671","5,867",,100.0,106.2,114.0,122.3,126.3,130.2,136.2,146.0,156.7,164.6,169.6,177.7,178.1,182.3,183.4,185.8,189.4,191.9,193.9,193.9,196.0,202.8
,,MT,"3,774","3,839","4,004","4,262","4,597","4,854","5,183","5,669","6,130","6,478","6,895","7,270","7,550","7,743","7,800","7,875","8,004","8,108","8,202","7,986","8,067","8,205",,100.0,101.7,106.1,112.9,121.8,128.6,137.3,150.2,162.4,171.6,182.7,192.6,200.0,205.2,206.7,208.7,212.1,214.8,217.3,211.6,213.8,217.4
,,GT,"5,072","5,447","5,797","6,284","6,660","7,183","7,819","8,560","9,241","9,629","10,100","10,484","10,548","10,796","10,842","10,927","11,026","11,152","11,298","11,248","11,368","11,538",,100.0,107.4,114.3,123.9,131.3,141.6,154.2,168.8,182.2,189.8,199.1,206.7,208.0,212.8,213.7,215.4,217.4,219.9,222.7,221.8,224.1,227.5
,,VIL,"3,830","3,989","4,208","4,511","4,800","5,078","5,432","5,922","6,392","6,719","7,079","7,421","7,587","7,774","7,937","8,014","8,131","8,233","8,331","8,198","8,283","8,441",,100.0,104.0,109.8,117.6,124.9,131.8,140.6,153.1,165.2,173.8,182.9,191.9,196.2,201.1,203.2,205.3,208.4,211.0,213.5,210.0,212.2,216.5
,Appartement standing,PT,"2,095","2,182","2,240","2,320","2,387","2,450","2,516","2,600","2,726","2,797","2,836","2,838","2,803","2,852","2,873","2,937","2,985","3,034","3,095","3,006","3,065","3,180",,100.0,104.2,106.9,110.7,113.9,117.0,120.1,124.1,130.1,133.5,135.4,135.5,133.8,136.1,137.2,140.2,142.5,144.8,147.7,143.5,146.3,151.8
,,MT,"2,589","2,668","2,718","2,802","2,857","2,889","2,960","3,047","3,172","3,255","3,387","3,383","3,394","3,456","3,484","3,536","3,604","3,708","3,744","3,743","3,853","4,007",,100.0,103.1,105.0,108.2,110.4,111.6,114.3,117.7,122.5,125.8,130.8,130.7,131.1,133.5,134.6,136.6,139.2,143.2,144.6,144.6,148.8,154.8
,,GT,"3,383","3,538","3,828","3,940","4,165","4,429","4,687","4,837","5,008","5,069","5,190","5,171","5,119","5,184","5,206","5,240","5,302","5,497","5,550","5,542","5,625","5,752",,100.0,104.6,113.1,116.5,123.1,130.9,138.5,143.0,148.0,149.8,153.4,152.8,151.3,153.2,153.9,154.9,156.7,162.5,164.1,163.8,166.3,170.0
,,APS,"2,631","2,728","2,828","2,917","3,010","3,097","3,204","3,304","3,438","3,514","3,621","3,615","3,603","3,662","3,648","3,700","3,762","3,869","3,915","3,890","3,982","4,121",,100.0,103.6,107.1,110.5,113.8,116.8,120.7,124.4,129.6,132.5,136.5,136.3,135.9,138.2,138.8,140.9,143.3,147.2,149.0,147.9,151.4,156.8
,Appartement économique,PT,848,887,927,974,"1,020","1,076","1,118","1,155","1,201","1,247","1,296","1,364","1,417","1,451","1,482","1,501","1,527","1,553","1,605","1,552","1,612","1,713",,100.0,104.6,109.4,114.9,120.3,126.9,131.9,136.2,141.7,147.1,152.9,160.9,167.2,171.2,174.9,177.0,180.2,183.2,189.4,183.1,190.2,202.0
,,MT,"1,239","1,283","1,299","1,342","1,405","1,439","1,455","1,530","1,631","1,718","1,796","1,825","1,872","1,909","1,937","1,973","2,011","2,056","2,115","2,075","2,142","2,220",,100.0,103.5,104.8,108.3,113.4,116.1,117.5,123.5,131.6,138.7,144.9,147.3,151.1,154.1,156.3,159.2,162.3,165.9,170.7,167.5,172.9,179.2
,,GT,"1,588","1,655","1,734","1,802","1,889","1,994","2,091","2,185","2,287","2,363","2,410","2,459","2,511","2,547","2,585","2,615","2,643","2,710","2,752","2,737","2,771","2,813",,100.0,104.3,109.2,113.5,119.0,125.6,131.7,137.6,144.0,148.8,151.8,154.9,158.1,160.4,162.8,164.7,166.5,170.7,173.3,172.4,174.5,177.2
,,APE,"1,217","1,264","1,296","1,344","1,408","1,459","1,496","1,566","1,655","1,731","1,797","1,838","1,888","1,924","1,957","1,987","2,020","2,065","2,119","2,081","2,139","2,216",,100.0,103.9,106.6,110.6,115.9,120.1,123.1,128.8,136.0,142.3,147.9,151.6,155.8,158.9,162.3,164.8,167.6,171.2,175.9,172.4,177.5,184.4
,Maison sur lot économique,PT,939,965,"1,008","1,044","1,074","1,099","1,128","1,157","1,206","1,257","1,303","1,344","1,380","1,403","1,431","1,456","1,484","1,509","1,568","1,566","1,625","1,666",,100.0,102.8,107.4,111.3,114.4,117.1,120.2,123.2,128.5,133.9,138.8,143.2,147.0,149.5,152.4,155.1,158.1,160.8,167.0,166.8,173.2,177.5
,,MT,"1,138","1,188","1,233","1,290","1,373","1,430","1,476","1,553","1,610","1,677","1,755","1,808","1,844","1,870","1,891","1,900","1,935","1,996","2,063","2,014","2,079","2,185",,100.0,104.4,108.4,113.4,120.6,125.6,129.7,136.5,141.5,147.4,154.2,158.9,162.1,164.4,166.2,167.0,170.1,175.5,181.3,177.0,182.7,192.0
,,GT,"1,584","1,644","1,701","1,776","1,819","1,843","1,916","2,006","2,152","2,246","2,326","2,377","2,444","2,470","2,486","2,515","2,535","2,634","2,678","2,677","2,740","2,788",,100.0,103.7,107.3,112.1,114.8,116.3,120.9,126.6,135.8,141.7,146.8,150.0,154.3,155.9,156.9,158.7,160.0,166.2,169.0,168.9,172.9,176.0
,,MLE,"1,174","1,221","1,268","1,323","1,388","1,432","1,479","1,548","1,620","1,687","1,759","1,809","1,851","1,876","1,909","1,926","1,956","2,017","2,077","2,049","2,112","2,191",,100.0,103.9,108.0,112.7,118.2,122.1,126.1,131.8,137.7,143.4,149.6,153.9,157.4,159.6,161.0,162.4,165.1,170.0,175.3,172.9,178.4,185.2
,Total ville,,"1,390","1,445","1,497","1,565","1,644","1,707","1,770","1,867","1,973","2,061","2,149","2,212","2,264","2,305","2,308","2,332","2,369","2,431","2,491","2,456","2,521","2,606",,100.0,103.9,107.4,112.0,117.5,121.7,125.5,131.6,138.5,144.6,150.6,154.9,158.7,161.5,162.1,163.9,166.6,171.1,175.9,173.3,178.4,185.1
Sidi Bennour,Villa,PT,"1,436","1,536","1,660","1,795","1,866","1,938","2,041","2,204","2,381","2,519","2,614","2,757","2,781","2,865","2,902","2,961","3,037","3,161","3,258","3,215","3,277","3,377",,100.0,107.0,115.6,125.0,130.0,135.0,142.1,153.5,165.8,175.4,182.0,192.0,193.7,199.6,202.1,206.2,211.5,220.2,226.9,223.9,228.2,235.2
,,MT,"2,134","2,179","2,281","2,437","2,639","2,797","2,997","3,290","3,570","3,786","4,045","4,280","4,461","4,592","4,641","4,702","4,798","4,984","5,122","5,081","5,175","5,300",,100.0,102.1,106.9,114.2,123.6,131.0,140.4,154.1,167.3,177.4,189.5,200.5,209.0,215.1,217.5,220.3,224.8,233.5,240.0,238.1,242.5,248.3
,,GT,"2,665","2,872","3,068","3,337","3,550","3,843","4,198","4,612","4,997","5,225","5,499","5,729","5,784","5,940","5,986","6,054","6,130","6,319","6,443","6,391","6,405","6,393",,100.0,107.8,115.1,125.2,133.2,144.2,157.5,173.1,187.5,196.1,206.4,215.0,217.0,222.9,224.6,227.2,230.0,237.1,241.8,239.8,240.3,239.9
,,VIL,"1,780","1,855","1,969","2,115","2,250","2,365","2,516","2,743","2,971","3,148","3,322","3,511","3,610","3,717","3,893","3,954","4,039","4,196","4,314","4,272","4,347","4,453",,100.0,104.6,111.4,119.8,126.9,133.2,141.4,153.9,166.7,176.5,185.8,196.3,201.2,207.2,210.6,214.1,218.8,227.4,233.9,231.5,235.7,241.7
,Appartement standing,PT,0,0,0,0,0,0,0,0,0,0,0,0,0,0,0,0,0,0,0,0,0,0,,0.0,0.0,0.0,0.0,0.0,0.0,0.0,0.0,0.0,0.0,0.0,0.0,0.0,0.0,0.0,0.0,0.0,0.0,0.0,0.0,0.0,0.0
,,MT,0,0,0,0,0,0,0,0,0,0,0,0,0,0,0,0,0,0,0,0,0,0,,0.0,0.0,0.0,0.0,0.0,0.0,0.0,0.0,0.0,0.0,0.0,0.0,0.0,0.0,0.0,0.0,0.0,0.0,0.0,0.0,0.0,0.0
,,GT,0,0,0,0,0,0,0,0,0,0,0,0,0,0,0,0,0,0,0,0,0,0,,0.0,0.0,0.0,0.0,0.0,0.0,0.0,0.0,0.0,0.0,0.0,0.0,0.0,0.0,0.0,0.0,0.0,0.0,0.0,0.0,0.0,0.0
,,APS,0,0,0,0,0,0,0,0,0,0,0,0,0,0,0,0,0,0,0,0,0,0,,0.0,0.0,0.0,0.0,0.0,0.0,0.0,0.0,0.0,0.0,0.0,0.0,0.0,0.0,0.0,0.0,0.0,0.0,0.0,0.0,0.0,0.0
,Appartement économique,PT,428,454,480,511,542,578,608,635,668,702,738,785,825,854,882,903,928,"1,007","1,086","1,085","1,107","1,159",,100.0,105.9,112.1,119.2,126.4,135.0,142.0,148.3,156.1,163.9,172.3,183.4,192.7,199.4,206.0,210.7,216.7,235.1,253.4,253.3,258.5,270.5
,,MT,614,652,677,715,769,805,833,896,972,"1,050","1,121","1,162","1,216","1,265","1,308","1,357","1,410","1,449","1,546","1,543","1,611","1,684",,100.0,106.2,110.3,116.4,125.2,131.1,135.7,145.9,158.2,171.0,182.4,189.2,198.0,205.9,212.9,221.0,229.5,235.9,251.8,251.2,262.3,274.2
,,GT,800,853,915,972,"1,041","1,123","1,202","1,282","1,369","1,442","1,500","1,560","1,622","1,676","1,732","1,782","1,834","1,875","1,962","1,919","1,945","1,962",,100.0,106.7,114.4,121.5,130.2,140.4,150.3,160.3,171.2,180.4,187.5,195.0,202.9,209.6,216.5,222.8,229.3,234.5,245.3,240.0,243.2,245.4
,,APE,581,617,651,689,738,784,823,876,937,997,"1,052","1,099","1,150","1,192","1,274","1,316","1,361","1,411","1,501","1,491","1,538","1,595",,100.0,106.2,111.8,118.5,126.7,134.5,141.1,149.8,160.1,170.2,179.6,188.1,197.0,204.2,211.7,218.6,226.0,235.4,251.0,249.6,257.6,267.6
,Maison sur lot économique,PT,461,484,517,547,575,600,628,657,699,742,783,823,860,890,923,956,991,"1,051","1,130","1,145","1,195","1,237",,100.0,105.1,112.2,118.8,124.7,130.2,136.4,142.7,151.6,161.0,170.1,178.7,186.7,193.2,200.4,207.5,215.0,228.2,245.3,248.6,259.4,268.5
,,MT,650,689,727,772,835,882,925,987,"1,039","1,097","1,165","1,217","1,258","1,293","1,325","1,349","1,392","1,451","1,542","1,516","1,546","1,618",,100.0,106.1,111.9,118.9,128.5,135.9,142.4,152.0,159.9,168.9,179.3,187.3,193.7,199.1,204.0,207.7,214.3,223.4,237.3,233.4,238.0,249.1
,,GT,822,869,917,976,"1,018","1,051","1,112","1,185","1,294","1,373","1,446","1,502","1,570","1,612","1,648","1,693","1,732","1,781","1,879","1,848","1,866","1,890",,100.0,105.8,111.6,118.7,123.9,127.9,135.4,144.2,157.5,167.1,176.0,182.9,191.1,196.2,200.6,206.1,210.9,216.8,228.7,225.0,227.1,230.0
,,MLE,612,647,685,728,772,808,849,901,961,"1,017","1,076","1,124","1,169","1,204","1,290","1,321","1,361","1,418","1,507","1,491","1,523","1,578",,100.0,105.7,112.0,118.8,126.1,132.0,138.6,146.8,156.2,165.5,175.1,183.0,190.4,196.2,202.4,207.3,213.8,223.2,237.6,235.5,241.1,250.1
,Total ville,,614,651,687,729,777,819,861,916,979,"1,039","1,097","1,147","1,196","1,235","1,328","1,360","1,401","1,459","1,549","1,533","1,567","1,623",,100.0,105.9,111.9,118.7,126.4,133.3,139.9,148.4,158.3,168.0,177.5,185.8,193.8,200.3,203.5,208.6,215.1,224.5,238.9,236.9,242.7,251.7
Région,Villa,PT,"5,309","5,773","6,310","6,870","6,646","6,571","6,459","6,871","7,399","7,509","7,632","7,965","8,043","8,131","7,951","8,058","8,148","8,195","8,273","8,016","8,163","8,424",,100.0,108.3,118.0,128.1,129.1,129.1,128.4,136.9,147.4,150.6,153.6,160.4,162.1,164.4,167.2,169.5,171.7,173.5,175.4,171.1,173.9,179.2
,,MT,"8,799","9,034","8,731","8,765","9,253","10,283","11,622","12,897","13,472","13,736","14,289","14,120","14,312","14,559","14,106","14,110","14,223","14,179","14,299","13,958","14,247","14,611",,100.0,102.6,100.8,102.4,112.5,123.5,137.7,152.2,160.2,164.7,172.3,173.0,176.5,180.1,183.2,183.8,185.7,185.9,187.9,183.9,187.1,191.4
,,GT,"15,164","16,050","16,144","17,869","18,306","20,619","23,388","25,766","27,093","26,691","27,101","26,621","26,967","27,387","26,053","25,864","25,841","25,057","25,250","24,462","24,888","25,344",,100.0,106.2,108.1,119.0,127.4,142.0,159.4,175.2,185.4,185.2,189.6,188.9,191.3,194.9,195.9,195.3,195.6,192.4,194.2,189.1,191.9,195.0
,,VIL,"11,348","11,886","11,794","12,634","12,970","14,516","16,406","18,106","18,988","18,897","19,312","18,986","19,228","19,526","14,839","14,833","14,912","14,737","14,864","14,445","14,716","15,063",,100.0,104.6,105.2,111.7,120.5,132.3,146.8,161.4,170.5,172.7,178.2,178.4,181.3,184.7,181.5,182.4,184.0,183.9,185.8,181.3,184.3,188.6
,Appartement standing,PT,"2,823","3,118","3,177","3,241","3,291","3,537","3,849","4,138","4,229","4,259","4,329","4,351","4,388","4,462","4,444","4,536","4,597","4,594","4,666","4,560","4,674","4,884",,100.0,109.7,111.9,114.5,119.1,127.7,138.5,148.4,152.3,153.8,156.5,157.6,158.8,161.5,164.4,168.0,170.2,170.7,173.5,169.6,173.7,181.4
,,MT,"4,708","4,776","4,792","4,869","4,787","4,901","5,070","5,348","5,493","5,584","5,669","5,683","5,720","5,776","5,697","5,777","5,844","5,867","5,950","5,883","6,025","6,190",,100.0,101.7,102.4,104.3,106.3,108.9,112.7,118.3,122.1,124.6,127.0,127.6,128.4,129.8,132.6,134.4,136.1,137.2,139.3,137.7,141.0,145.0
,,GT,"6,521","7,171","7,483","7,775","7,573","8,079","8,414","9,023","9,242","9,158","9,312","9,088","8,997","9,034","8,828","8,880","8,949","9,006","9,109","8,916","9,010","9,192",,100.0,109.0,114.1,118.4,120.6,128.5,134.3,143.2,147.4,146.8,149.6,146.9,145.7,146.6,148.9,149.9,151.2,152.6,154.6,151.7,153.3,156.3
,,APS,"4,766","4,925","4,986","5,089","5,007","5,189","5,397","5,724","5,874","5,934","6,023","6,007","6,026","6,081","6,097","6,174","6,240","6,264","6,347","6,243","6,368","6,547",,100.0,103.3,104.8,107.1,109.8,113.9,118.8,125.5,129.5,131.4,133.7,134.0,134.5,136.0,142.9,145.0,146.7,147.8,150.0,147.6,150.7,155.4
,Appartement économique,PT,"1,281","1,298","1,322","1,370","1,394","1,449","1,488","1,556","1,616","1,705","1,807","1,894","1,938","1,989","1,991","2,007","2,045","2,077","2,118","2,066","2,135","2,251",,100.0,101.7,103.9,107.8,111.6,116.4,119.7,125.0,130.1,137.3,145.3,152.2,156.0,160.0,163.6,165.1,168.1,171.3,175.1,171.1,176.9,186.6
,,MT,"1,844","1,891","1,857","1,905","1,996","2,016","2,038","2,190","2,286","2,447","2,544","2,656","2,725","2,782","2,777","2,798","2,849","2,886","2,934","2,878","2,947","3,061",,100.0,102.7,101.2,103.9,110.2,111.6,113.0,121.2,126.7,135.4,140.9,146.8,150.6,153.8,156.0,157.4,160.3,162.6,165.4,162.3,166.4,172.9
,,GT,"2,573","2,718","2,743","2,739","2,807","2,980","3,205","3,250","3,328","3,416","3,525","3,594","3,618","3,623","3,618","3,644","3,679","3,715","3,774","3,696","3,772","3,841",,100.0,105.5,106.8,107.0,111.5,118.3,126.8,128.9,132.1,135.8,139.9,142.8,143.9,144.2,146.3,147.5,148.9,150.6,153.1,150.2,153.2,155.9
,,APE,"1,819","1,873","1,863","1,903","1,974","2,025","2,082","2,197","2,282","2,413","2,513","2,612","2,667","2,714","2,721","2,741","2,786","2,822","2,869","2,810","2,881","2,987",,100.0,102.8,102.8,105.4,110.9,113.9,116.9,123.4,128.4,135.9,141.9,147.6,150.9,153.8,156.1,157.5,160.2,162.6,165.6,162.3,166.6,173.3
,Maison sur lot économique,PT,"1,177","1,170","1,221","1,239","1,277","1,302","1,317","1,371","1,406","1,480","1,581","1,676","1,709","1,749","1,762","1,783","1,813","1,851","1,888","1,874","1,939","2,022",,100.0,99.7,104.1,105.8,110.2,112.6,114.2,118.8,122.1,128.6,137.2,145.3,148.2,151.6,154.8,156.8,159.3,162.9,166.4,165.0,170.8,178.2
,,MT,"1,441","1,501","1,569","1,633","1,735","1,815","1,871","1,965","2,071","2,144","2,264","2,399","2,460","2,507","2,506","2,516","2,544","2,598","2,638","2,588","2,663","2,774",,100.0,104.1,108.8,113.5,121.9,127.7,131.7,138.5,146.1,151.5,159.9,169.2,173.4,176.6,178.4,179.2,181.3,185.3,188.3,184.8,190.2,198.4
,,GT,"2,220","2,305","2,384","2,509","2,521","2,551","2,690","2,811","2,987","3,114","3,223","3,308","3,380","3,420","3,381","3,401","3,439","3,496","3,554","3,508","3,586","3,664",,100.0,103.9,107.5,113.1,115.2,116.7,123.1,128.7,136.8,142.7,147.8,151.8,155.1,156.9,157.1,158.0,159.8,162.5,165.3,163.2,166.7,170.4
,,MLE,"1,499","1,547","1,612","1,673","1,744","1,803","1,861","1,948","2,048","2,129","2,242","2,359","2,415","2,459","2,452","2,466","2,497","2,547","2,589","2,550","2,622","2,720",,100.0,103.0,107.5,111.5,117.8,122.0,125.8,131.8,138.3,144.0,152.0,160.1,163.9,167.0,167.9,169.0,171.2,174.9,177.9,175.3,180.5,187.6
,Total région,,"4,368","4,546","4,521","4,747","4,733","5,158","5,664","6,158","6,389","6,384","6,511","6,444","6,519","6,603","3,823","3,844","3,885","3,907","3,959","3,876","3,972","4,101",,100.0,103.3,104.7,108.3,114.0,119.6,125.6,133.6,139.1,143.7,149.2,153.0,155.8,158.3,162.7,164.0,166.2,169.0,171.8,168.8,173.5,180.2
