"Tableau n°01 : Evolution des montants moyens des loyers et des indices des montants moyens des loyers selon l'agglomération, le type d'habitat et l'envergure au niveau de la région de Souss Massa",,,,,,,,,,,,,,,,,,,,,,,,,,,,,,,,,,,,,,,,,
Agglomération,Type d'habitat,Envergure,Montants moyens des loyers,,,,,,,,,,,,,,,,,,,,Indices des montants moyens des loyers,,,,,,,,,,,,,,,,,,
,,,2001,2002,2003,2004,2005,2006,2007,2008,2009,2010,2011,2012,2013,2014,2015,2016,2017,2018,2019,,2001,2002,2003,2004,2005,2006,2007,2008,2009,2010,2011,2012,2013,2014,2015,2016,2017,2018,2019
Souss Massa,,,,,,,,,,,,,,,,,,,,,,,,,,,,,,,,,,,,,,,,,
Agadir,Villa,PT,"3,049","3,352","3,686","3,934","4,117","4,004","4,247","4,177","4,136","4,267","4,505","4,465","4,695","4,787","4,974","5,116","5,212","5,277","5,340",0,100.0,109.9,120.9,129.0,135.1,131.3,139.3,137.0,135.7,140.0,147.8,146.5,154.0,157.0,163.2,167.8,171.0,173.1,175.2
,,MT,"5,614","5,872","5,852","6,415","6,988","7,673","8,227","8,950","8,520","8,812","8,820","8,620","8,761","8,812","9,044","9,163","9,188","9,247","9,152",0,100.0,104.6,104.2,114.3,124.5,136.7,146.5,159.4,151.8,157.0,157.1,153.5,156.1,157.0,161.1,163.2,163.7,164.7,163.0
,,GT,"9,430","10,004","9,681","9,597","10,416","10,820","11,846","11,959","11,360","11,452","11,734","12,370","12,585","12,468","12,694","12,701","12,704","12,767","12,690",0,100.0,106.1,102.7,101.8,110.5,114.7,125.6,126.8,120.5,121.4,124.4,131.2,133.5,132.2,134.6,134.7,134.7,135.4,134.6
,,VIL,"6,642","7,031","6,956","7,212","7,810","8,244","8,926","9,270","8,844","9,029","9,185","9,339","9,525","9,518","8,774","8,876","8,914","8,975","8,924",0,100.0,106.1,106.6,112.0,120.9,127.2,137.1,142.7,136.7,140.1,142.7,143.6,146.9,147.3,156.1,158.4,159.5,160.7,160.2
,Appartement standing,PT,"1,579","1,670","1,750","1,871","2,052","2,119","2,053","2,074","2,266","2,286","2,361","2,416","2,494","2,655","2,813","2,962","3,005","3,045","3,083",0,100.0,105.8,110.8,118.4,129.9,134.2,130.0,131.3,143.5,144.7,149.5,153.0,157.9,168.1,178.1,187.5,190.2,192.8,195.2
,,MT,"2,741","2,725","2,969","3,198","3,391","3,320","3,155","3,281","3,221","3,295","3,353","3,449","3,616","3,699","3,824","3,987","4,031","4,089","4,159",0,100.0,99.4,108.3,116.7,123.7,121.2,115.1,119.7,117.5,120.2,122.3,125.8,131.9,135.0,139.5,145.5,147.1,149.2,151.7
,,GT,"3,092","3,381","3,646","3,884","3,819","3,926","3,931","3,970","4,176","4,261","4,355","4,303","4,464","4,531","4,678","4,817","4,854","4,881","5,013",0,100.0,109.3,117.9,125.6,123.5,127.0,127.1,128.4,135.0,137.8,140.8,139.2,144.4,146.5,151.3,155.8,157.0,157.8,162.1
,,APS,"2,656","2,701","2,928","3,146","3,297","3,271","3,143","3,243","3,255","3,324","3,390","3,458","3,613","3,703","3,768","3,923","3,965","4,014","4,088",0,100.0,101.7,110.1,118.3,124.4,123.6,118.8,122.5,123.4,125.9,128.5,131.2,137.0,140.7,149.9,156.3,158.1,160.1,162.9
,Appartement économique,PT,"1,330","1,314","1,346","1,308","1,222","1,290","1,336","1,368","1,414","1,478","1,608","1,601","1,633","1,677","1,668","1,655","1,687","1,714","1,715",0,100.0,98.8,101.2,98.4,91.9,97.0,100.5,102.9,106.4,111.1,121.0,120.4,122.8,126.1,125.4,124.5,126.9,128.9,129.0
,,MT,"1,890","2,073","2,057","2,068","2,046","2,108","2,144","2,179","2,215","2,279","2,344","2,334","2,389","2,441","2,460","2,457","2,493","2,512","2,493",0,100.0,109.7,108.8,109.4,108.2,111.5,113.4,115.3,117.2,120.5,124.0,123.5,126.4,129.1,130.1,130.0,131.9,132.9,131.9
,,GT,"2,066","2,270","2,362","2,444","2,469","2,442","2,464","2,519","2,694","2,757","2,780","2,802","2,889","2,903","2,901","2,920","2,936","2,945","3,031",0,100.0,109.9,114.3,118.3,119.5,118.2,119.3,121.9,130.4,133.4,134.5,135.6,139.8,140.5,140.4,141.3,142.1,142.5,146.7
,,APE,"1,858","2,018","2,040","2,065","2,047","2,084","2,117","2,158","2,236","2,300","2,362","2,362","2,423","2,463","2,363","2,363","2,393","2,411","2,424",0,100.0,108.1,109.3,110.4,109.1,111.3,113.2,115.4,119.4,122.9,126.7,126.6,129.8,132.0,131.5,131.4,133.2,134.3,134.8
,Maison sur lot économique,PT,"1,293","1,246","1,126","1,092","1,000",933,997,"1,082","1,173","1,290","1,392","1,408","1,434","1,477","1,492","1,489","1,504","1,518","1,526",0,100.0,96.4,87.1,84.5,77.3,72.2,77.1,83.6,90.7,99.8,107.6,108.9,110.9,114.2,115.4,115.1,116.3,117.4,118.0
,,MT,"1,824","1,773","1,706","1,655","1,528","1,545","1,532","1,541","1,598","1,636","1,705","1,747","1,853","1,921","1,958","1,988","2,011","2,035","2,043",0,100.0,97.2,93.5,90.7,83.8,84.7,84.0,84.5,87.6,89.7,93.5,95.8,101.6,105.3,107.3,109.0,110.3,111.5,112.0
,,GT,"2,674","2,597","2,338","2,116","2,097","2,132","2,147","2,214","2,365","2,452","2,506","2,601","2,610","2,643","2,692","2,707","2,730","2,753","2,812",0,100.0,97.1,87.4,79.1,78.4,79.7,80.3,82.8,88.4,91.7,93.7,97.3,97.6,98.9,100.7,101.2,102.1,103.0,105.2
,,MLE,"1,995","1,937","1,806","1,707","1,617","1,627","1,634","1,671","1,761","1,825","1,895","1,948","2,013","2,068","2,022","2,039","2,060","2,081","2,102",0,100.0,97.0,90.8,86.4,81.2,81.4,81.9,83.9,88.3,91.8,95.7,98.2,101.8,104.7,107.8,108.6,109.8,110.9,111.9
,Total ville,,"2,312","2,387","2,345","2,342","2,346","2,397","2,459","2,524","2,567","2,640","2,713","2,751","2,827","2,872","2,702","2,730","2,756","2,781","2,799",0,100.0,102.8,101.0,100.3,98.5,99.9,101.5,103.9,107.3,110.7,114.3,115.6,119.1,121.6,120.8,121.9,123.2,124.4,125.3
Inzegane Ait Melloul,Villa,PT,"2,993","3,262","3,569","3,796","4,030","3,957","4,152","3,998","3,878","3,999","3,978","3,899","3,988","3,924","4,071","4,224","4,341","4,424","4,427",0,100.0,109.0,119.2,126.8,134.6,132.2,138.7,133.5,129.6,133.6,132.9,130.2,133.2,131.1,136.0,141.1,145.0,147.8,147.9
,,MT,"5,394","5,721","5,781","5,729","5,921","6,476","6,918","7,364","7,545","7,552","7,554","7,281","7,240","7,142","7,205","7,234","7,319","7,362","7,367",0,100.0,106.1,107.2,106.2,109.8,120.0,128.3,136.5,139.9,140.0,140.0,135.0,134.2,132.4,133.6,134.1,135.7,136.5,136.6
,,GT,"8,694","9,353","9,173","9,789","9,944","10,179","11,137","11,914","10,930","11,182","10,842","11,284","10,997","10,694","10,693","10,971","11,068","11,233","11,239",0,100.0,107.6,105.5,112.6,114.4,117.1,128.1,137.0,125.7,128.6,124.7,129.8,126.5,123.0,123.0,126.2,127.3,129.2,129.3
,,VIL,"6,430","6,889","6,885","7,159","7,341","7,665","8,288","8,783","8,424","8,552","8,405","8,465","8,340","8,160","7,431","7,566","7,663","7,752","7,757",0,100.0,107.1,108.3,112.1,115.5,120.6,129.8,136.3,132.3,134.2,132.4,132.0,130.8,128.2,131.1,133.6,135.6,137.2,137.3
,Appartement standing,PT,"1,487","1,613","1,732","1,824","1,953","1,980","1,975","1,974","1,926","1,973","2,032","2,009","1,980","2,042","2,137","2,166","2,215","2,254","2,312",0,100.0,108.4,116.5,122.6,131.3,133.2,132.8,132.8,129.5,132.6,136.6,135.1,133.2,137.3,143.7,145.6,149.0,151.6,155.4
,,MT,"2,483","2,531","2,725","2,956","3,245","3,064","2,788","2,870","2,958","3,071","3,118","3,103","3,113","3,091","3,157","3,175","3,234","3,271","3,325",0,100.0,102.0,109.8,119.1,130.7,123.4,112.3,115.6,119.1,123.7,125.6,125.0,125.4,124.5,127.2,127.9,130.3,131.7,133.9
,,GT,"2,852","3,100","3,403","3,740","3,740","3,709","3,558","3,658","3,926","4,065","4,145","3,966","3,939","3,881","3,960","3,935","3,996","4,031","4,092",0,100.0,108.7,119.3,131.2,131.2,130.1,124.8,128.3,137.7,142.5,145.3,139.1,138.1,136.1,138.9,138.0,140.1,141.4,143.5
,,APS,"2,488","2,583","2,795","3,038","3,255","3,120","2,890","2,970","3,085","3,199","3,254","3,204","3,204","3,180","3,149","3,162","3,220","3,256","3,312",0,100.0,103.8,112.2,121.8,130.8,125.5,116.4,119.5,123.7,128.3,130.5,128.6,128.6,127.8,131.4,132.0,134.5,136.1,138.5
,Appartement économique,PT,"1,094","1,058","1,059","1,007",916,927,936,953,"1,008","1,061","1,158","1,243","1,293","1,343","1,391","1,398","1,436","1,482","1,502",0,100.0,96.7,96.8,92.0,83.7,84.7,85.5,87.1,92.1,96.9,105.8,113.6,118.1,122.7,127.1,127.8,131.2,135.4,137.2
,,MT,"1,531","1,642","1,592","1,565","1,489","1,488","1,475","1,491","1,551","1,576","1,657","1,781","1,860","1,922","2,019","2,043","2,089","2,125","2,121",0,100.0,107.2,104.0,102.2,97.3,97.2,96.3,97.4,101.3,103.0,108.3,116.4,121.5,125.6,131.9,133.5,136.5,138.8,138.5
,,GT,"1,790","1,942","1,943","1,959","1,893","1,807","1,771","1,799","1,977","1,994","2,072","2,268","2,392","2,436","2,552","2,607","2,643","2,675","2,702",0,100.0,108.5,108.6,109.4,105.8,101.0,98.9,100.5,110.5,111.4,115.8,126.7,133.7,136.1,142.6,145.7,147.7,149.4,151.0
,,APE,"1,553","1,656","1,630","1,613","1,539","1,511","1,494","1,514","1,612","1,638","1,721","1,863","1,952","2,007","1,985","2,012","2,054","2,091","2,102",0,100.0,106.1,104.5,103.1,98.1,96.6,95.6,96.9,103.0,104.9,110.4,119.4,125.0,128.6,133.4,135.1,137.9,140.6,141.4
,Maison sur lot économique,PT,994,984,912,907,851,901,982,"1,056","1,153","1,267","1,354","1,361","1,374","1,427","1,444","1,432","1,450","1,468","1,456",0,100.0,99.0,91.7,91.3,85.6,90.7,98.8,106.3,116.0,127.4,136.2,136.9,138.2,143.5,145.2,144.0,145.8,147.6,146.4
,,MT,"1,329","1,328","1,381","1,385","1,338","1,312","1,333","1,356","1,441","1,503","1,559","1,587","1,699","1,774","1,813","1,830","1,856","1,886","1,892",0,100.0,100.0,103.9,104.2,100.6,98.7,100.3,102.0,108.4,113.1,117.3,119.4,127.8,133.5,136.4,137.7,139.7,141.9,142.4
,,GT,"1,824","1,824","1,680","1,569","1,597","1,706","1,762","1,839","2,017","2,130","2,204","2,273","2,266","2,313","2,363","2,363","2,389","2,419","2,451",0,100.0,100.0,92.1,86.0,87.6,93.5,96.6,100.9,110.6,116.8,120.9,124.6,124.2,126.8,129.5,129.6,131.0,132.6,134.4
,,MLE,"1,443","1,441","1,411","1,376","1,353","1,381","1,423","1,471","1,588","1,674","1,741","1,779","1,837","1,900","1,860","1,864","1,888","1,914","1,923",0,100.0,99.8,98.3,96.4,94.2,95.8,98.9,102.3,110.2,116.4,121.2,123.6,128.1,132.8,137.0,137.2,139.0,140.9,141.3
,Total ville,,"1,646","1,708","1,686","1,672","1,634","1,641","1,665","1,712","1,807","1,866","1,935","2,022","2,089","2,140","2,038","2,052","2,083","2,113","2,124",0,100.0,103.1,101.8,100.5,97.3,97.4,98.5,100.9,107.6,111.5,116.5,121.9,126.7,130.6,135.7,136.4,138.5,140.6,141.2
Biougra,Villa,PT,"2,278","2,292","2,412","2,528","2,642","2,827","2,926","3,091","3,142","3,244","3,352","3,477","3,607","3,710","3,758","3,930","3,967","4,020","4,053",0,100.0,100.6,105.9,111.0,116.0,124.1,128.4,135.7,137.9,142.4,147.1,152.6,158.3,162.8,165.0,172.5,174.1,176.4,177.9
,,MT,"4,414","4,460","4,603","4,823","5,071","5,342","5,361","5,572","5,803","5,977","6,091","6,345","6,482","6,581","6,676","6,804","6,855","6,878","6,860",0,100.0,101.0,104.3,109.3,114.9,121.0,121.5,126.2,131.5,135.4,138.0,143.8,146.9,149.1,151.2,154.2,155.3,155.8,155.4
,,GT,"5,868","5,931","6,243","6,472","6,777","7,104","7,241","7,360","7,525","7,684","7,761","7,923","8,333","8,661","8,904","9,058","9,092","9,150","9,180",0,100.0,101.1,106.4,110.3,115.5,121.1,123.4,125.4,128.2,130.9,132.3,135.0,142.0,147.6,151.7,154.4,154.9,155.9,156.4
,,VIL,"3,525","3,558","3,699","3,873","4,064","4,298","4,359","4,545","4,692","4,832","4,942","5,133","5,281","5,393","5,405","5,555","5,598","5,636","5,644",0,100.0,100.8,105.1,110.1,115.4,122.4,124.7,130.5,134.2,138.3,141.8,147.3,151.8,155.2,157.6,162.6,164.0,165.4,165.8
,Appartement standing,PT,"1,213","1,228","1,286","1,336","1,413","1,488","1,537","1,562","1,582","1,629","1,641","1,702","1,728","1,802","1,905","2,000","2,045","2,079","2,095",0,100.0,101.2,106.0,110.1,116.5,122.6,126.7,128.7,130.4,134.2,135.2,140.2,142.4,148.5,157.0,164.8,168.5,171.3,172.6
,,MT,"1,913","1,933","1,997","2,066","2,180","2,296","2,352","2,490","2,540","2,589","2,664","2,693","2,773","2,845","2,877","3,003","3,058","3,073","3,089",0,100.0,101.0,104.4,108.0,113.9,120.0,122.9,130.2,132.7,135.3,139.3,140.8,144.9,148.7,150.4,157.0,159.8,160.6,161.5
,,GT,"2,535","2,562","2,695","2,840","2,863","2,964","3,022","3,042","3,123","3,219","3,291","3,397","3,516","3,594","3,640","3,744","3,785","3,801","3,804",0,100.0,101.1,106.3,112.0,112.9,116.9,119.2,120.0,123.2,127.0,129.8,134.0,138.7,141.8,143.6,147.7,149.3,149.9,150.1
,,APS,"1,883","1,903","1,978","2,057","2,147","2,252","2,307","2,399","2,449","2,506","2,567","2,617","2,693","2,767","2,701","2,815","2,864","2,885","2,899",0,100.0,101.1,105.1,109.2,114.3,120.0,123.0,128.0,130.5,133.5,136.7,139.4,143.3,147.4,151.3,157.9,160.9,162.2,163.1
,Appartement économique,PT,657,664,692,719,790,836,866,901,928,968,"1,018","1,080","1,126","1,156","1,185","1,205","1,241","1,274","1,283",0,100.0,101.1,105.3,109.4,120.2,127.2,131.7,137.0,141.2,147.3,154.8,164.4,171.3,175.9,180.2,183.3,188.8,193.8,195.2
,,MT,"1,133","1,147","1,191","1,263","1,304","1,343","1,361","1,379","1,404","1,442","1,483","1,524","1,558","1,604","1,638","1,682","1,725","1,761","1,784",0,100.0,101.3,105.2,111.5,115.1,118.5,120.2,121.8,123.9,127.3,131.0,134.5,137.5,141.6,144.6,148.5,152.3,155.4,157.5
,,GT,"1,413","1,427","1,477","1,491","1,562","1,606","1,629","1,704","1,792","1,836","1,876","1,912","1,992","2,034","2,059","2,081","2,088","2,109","2,166",0,100.0,101.0,104.5,105.5,110.5,113.6,115.3,120.6,126.8,129.9,132.8,135.3,141.0,143.9,145.7,147.3,147.8,149.2,153.3
,,APE,"1,116","1,128","1,170","1,207","1,268","1,311","1,334","1,379","1,430","1,471","1,514","1,558","1,614","1,654","1,590","1,623","1,656","1,687","1,714",0,100.0,101.1,104.9,108.5,114.7,118.9,121.3,125.4,129.7,133.7,138.1,142.9,148.0,151.8,155.7,158.9,162.4,165.8,168.1
,Maison sur lot économique,PT,692,698,726,771,808,850,872,894,905,932,978,"1,027","1,047","1,093","1,116","1,137","1,166","1,200","1,206",0,100.0,100.8,104.8,111.4,116.7,122.9,125.9,129.1,130.8,134.7,141.3,148.4,151.3,157.8,161.2,164.3,168.4,173.3,174.2
,,MT,948,953,992,"1,015","1,064","1,117","1,137","1,144","1,164","1,195","1,238","1,277","1,332","1,404","1,445","1,471","1,485","1,512","1,510",0,100.0,100.5,104.7,107.0,112.3,117.8,119.9,120.7,122.8,126.1,130.6,134.7,140.5,148.1,152.5,155.2,156.6,159.5,159.2
,,GT,"1,279","1,286","1,334","1,382","1,440","1,504","1,530","1,551","1,623","1,703","1,752","1,797","1,846","1,877","1,908","1,943","1,953","1,980","1,998",0,100.0,100.5,104.3,108.1,112.6,117.6,119.6,121.3,126.9,133.1,137.0,140.5,144.4,146.8,149.2,151.9,152.7,154.8,156.2
,,MLE,"1,010","1,016","1,056","1,095","1,144","1,199","1,221","1,238","1,276","1,326","1,372","1,416","1,459","1,508","1,441","1,468","1,486","1,515","1,519",0,100.0,100.6,104.6,108.6,113.6,119.1,121.4,123.2,126.6,131.2,136.0,140.7,144.9,150.2,154.5,157.3,159.5,162.8,163.2
,Total ville,,"1,210","1,220","1,267","1,313","1,376","1,436","1,461","1,502","1,552","1,602","1,650","1,702","1,757","1,806","1,595","1,628","1,650","1,679","1,687",0,100.0,100.9,104.8,108.7,114.2,119.2,121.6,124.7,128.5,132.8,137.3,142.0,146.6,151.1,154.6,157.6,160.0,163.2,163.9
Taroudant,Villa,PT,"2,340","2,409","2,536","2,661","2,790","2,907","3,033","3,096","3,188","3,289","3,405","3,527","3,641","3,671","3,813","3,972","4,043","4,099","4,124",0,100.0,102.9,108.3,113.7,119.2,124.2,129.6,132.3,136.2,140.5,145.5,150.7,155.6,156.8,162.9,169.7,172.8,175.1,176.2
,,MT,"4,949","5,101","5,236","5,533","5,734","5,827","5,887","6,122","6,300","6,448","6,604","6,834","6,910","7,001","7,148","7,234","7,276","7,332","7,338",0,100.0,103.1,105.8,111.8,115.9,117.7,119.0,123.7,127.3,130.3,133.4,138.1,139.6,141.5,144.4,146.2,147.0,148.1,148.3
,,GT,"6,250","6,470","6,782","7,042","7,391","7,670","7,791","7,881","8,131","8,238","8,284","8,612","8,960","9,277","9,503","9,646","9,651","9,686","9,672",0,100.0,103.5,108.5,112.7,118.2,122.7,124.7,126.1,130.1,131.8,132.5,137.8,143.3,148.4,152.0,154.3,154.4,155.0,154.7
,,VIL,"3,905","4,025","4,166","4,388","4,566","4,678","4,769","4,924","5,069","5,195","5,328","5,518","5,623","5,699","5,785","5,908","5,960","6,015","6,028",0,100.0,103.0,107.0,112.7,117.4,120.7,123.8,127.5,131.2,134.7,138.5,143.4,146.6,148.4,153.3,157.3,159.1,160.8,161.3
,Appartement standing,PT,"1,390","1,440","1,503","1,570","1,654","1,711","1,748","1,759","1,811","1,836","1,867","1,908","1,956","2,052","2,146","2,211","2,236","2,268","2,318",0,100.0,103.6,108.1,113.0,119.0,123.1,125.7,126.6,130.3,132.1,134.3,137.3,140.7,147.6,154.4,159.0,160.8,163.1,166.8
,,MT,"2,014","2,068","2,137","2,228","2,364","2,440","2,544","2,625","2,671","2,746","2,792","2,841","2,936","2,976","3,050","3,148","3,169","3,219","3,223",0,100.0,102.7,106.1,110.6,117.4,121.1,126.3,130.3,132.6,136.3,138.6,141.1,145.8,147.8,151.4,156.3,157.3,159.8,160.0
,,GT,"2,545","2,634","2,771","2,846","2,877","2,986","3,025","3,045","3,161","3,242","3,311","3,437","3,554","3,580","3,682","3,769","3,828","3,878","3,903",0,100.0,103.5,108.9,111.8,113.1,117.3,118.8,119.6,124.2,127.4,130.1,135.0,139.6,140.6,144.7,148.1,150.4,152.3,153.4
,,APS,"1,928","1,985","2,061","2,144","2,255","2,331","2,411","2,468","2,524","2,587","2,632","2,689","2,775","2,827","2,895","2,982","3,009","3,055","3,075",0,100.0,103.0,106.9,111.3,117.2,121.2,125.3,128.1,131.1,134.2,136.6,139.4,143.8,146.9,151.3,155.9,157.3,159.7,160.9
,Appartement économique,PT,750,776,796,826,867,899,934,964,"1,003","1,045","1,095","1,143","1,167","1,202","1,222","1,246","1,248","1,268","1,301",0,100.0,103.5,106.1,110.2,115.6,119.9,124.5,128.6,133.8,139.3,146.1,152.4,155.6,160.3,163.0,166.1,166.4,169.0,173.5
,,MT,"1,249","1,289","1,349","1,405","1,448","1,479","1,494","1,519","1,555","1,594","1,650","1,679","1,729","1,772","1,809","1,867","1,889","1,936","1,943",0,100.0,103.2,108.0,112.5,115.9,118.4,119.6,121.6,124.5,127.6,132.1,134.4,138.4,141.9,144.8,149.4,151.2,154.9,155.6
,,GT,"1,636","1,686","1,717","1,754","1,815","1,854","1,912","1,994","2,089","2,129","2,162","2,236","2,322","2,343","2,377","2,406","2,447","2,489","2,520",0,100.0,103.1,105.0,107.2,111.0,113.3,116.9,121.9,127.7,130.1,132.2,136.7,141.9,143.2,145.3,147.1,149.6,152.2,154.1
,,APE,"1,213","1,252","1,290","1,331","1,379","1,413","1,449","1,493","1,549","1,589","1,636","1,686","1,739","1,772","1,792","1,833","1,854","1,892","1,913",0,100.0,103.3,106.4,110.1,114.2,117.2,120.3,123.9,128.5,132.2,136.6,140.9,145.0,148.2,150.0,153.5,155.0,158.2,160.2
,Maison sur lot économique,PT,764,784,820,849,892,921,953,960,984,"1,024","1,078","1,113","1,141","1,174","1,193","1,211","1,221","1,260","1,279",0,100.0,102.7,107.3,111.2,116.7,120.6,124.7,125.6,128.7,134.0,141.2,145.7,149.4,153.6,156.1,158.5,159.8,164.9,167.5
,,MT,"1,060","1,082","1,127","1,158","1,217","1,259","1,260","1,274","1,307","1,346","1,400","1,432","1,509","1,568","1,599","1,631","1,645","1,689","1,727",0,100.0,102.1,106.3,109.3,114.8,118.7,118.8,120.1,123.2,126.9,132.1,135.1,142.3,147.9,150.8,153.8,155.2,159.3,162.9
,,GT,"1,386","1,415","1,471","1,530","1,596","1,646","1,670","1,712","1,809","1,868","1,917","1,966","1,999","2,030","2,069","2,110","2,137","2,179","2,201",0,100.0,102.1,106.1,110.4,115.1,118.8,120.5,123.5,130.5,134.8,138.4,141.9,144.2,146.4,149.3,152.2,154.2,157.2,158.8
,,MLE,"1,070","1,093","1,139","1,178","1,234","1,275","1,293","1,314","1,364","1,410","1,463","1,501","1,548","1,589","1,609","1,639","1,655","1,697","1,726",0,100.0,102.3,106.6,110.2,115.5,119.3,121.2,123.0,127.3,131.7,137.0,140.7,145.2,149.3,151.9,154.7,156.2,160.3,163.1
,Total ville,,"1,393","1,432","1,483","1,540","1,604","1,649","1,684","1,727","1,788","1,838","1,894","1,949","2,005","2,047","1,954","1,995","2,015","2,057","2,083",0,100.0,102.8,106.6,110.4,115.2,118.6,121.3,124.0,128.3,132.3,136.9,140.9,145.2,148.6,151.6,154.7,156.2,159.9,162.3
Tata,Villa,PT,"1,824","1,856","1,935","2,030","2,114","2,178","2,253","2,329","2,383","2,459","2,543","2,637","2,729","2,779","2,836","2,930","2,985","3,023","3,033",0,100.0,101.8,106.1,111.3,115.9,119.4,123.5,127.7,130.6,134.8,139.4,144.5,149.6,152.3,155.5,160.6,163.6,165.7,166.2
,,MT,"2,631","2,685","2,764","2,852","2,948","3,051","3,072","3,179","3,276","3,363","3,436","3,568","3,626","3,678","3,743","3,822","3,887","3,944","4,000",0,100.0,102.1,105.1,108.4,112.1,116.0,116.8,120.8,124.5,127.8,130.6,135.6,137.8,139.8,142.3,145.3,147.7,149.9,152.0
,,GT,"3,041","3,110","3,235","3,357","3,485","3,635","3,699","3,751","3,852","3,919","3,949","4,029","4,174","4,330","4,443","4,515","4,520","4,551","4,616",0,100.0,102.3,106.4,110.4,114.6,119.5,121.6,123.3,126.7,128.9,129.9,132.5,137.3,142.4,146.1,148.5,148.7,149.7,151.8
,,VIL,"2,040","2,078","2,158","2,252","2,340","2,416","2,478","2,560","2,625","2,704","2,784","2,885","2,971","3,024","3,142","3,231","3,286","3,329","3,354",0,100.0,101.8,105.9,110.6,115.0,118.6,121.9,126.0,129.1,133.1,137.2,142.2,146.6,149.2,151.6,156.0,158.8,160.8,161.9
,Appartement standing,PT,0,0,0,0,0,0,0,0,0,0,0,0,0,0,0,0,0,0,0,0,0.0,0.0,0.0,0.0,0.0,0.0,0.0,0.0,0.0,0.0,0.0,0.0,0.0,0.0,0.0,0.0,0.0,0.0,0.0
,,MT,0,0,0,0,0,0,0,0,0,0,0,0,0,0,0,0,0,0,0,0,0.0,0.0,0.0,0.0,0.0,0.0,0.0,0.0,0.0,0.0,0.0,0.0,0.0,0.0,0.0,0.0,0.0,0.0,0.0
,,GT,0,0,0,0,0,0,0,0,0,0,0,0,0,0,0,0,0,0,0,0,0.0,0.0,0.0,0.0,0.0,0.0,0.0,0.0,0.0,0.0,0.0,0.0,0.0,0.0,0.0,0.0,0.0,0.0,0.0
,,APS,0,0,0,0,0,0,0,0,0,0,0,0,0,0,0,0,0,0,0,0,0.0,0.0,0.0,0.0,0.0,0.0,0.0,0.0,0.0,0.0,0.0,0.0,0.0,0.0,0.0,0.0,0.0,0.0,0.0
,Appartement économique,PT,517,529,547,563,584,609,632,655,678,707,738,766,790,813,829,847,870,890,909,0,100.0,102.3,105.7,108.7,112.9,117.7,122.1,126.5,131.0,136.6,142.7,148.0,152.7,157.0,160.3,163.8,168.2,171.9,175.6
,,MT,814,833,864,894,923,946,958,972,992,"1,018","1,051","1,074","1,102","1,132","1,156","1,188","1,206","1,231","1,255",0,100.0,102.2,106.1,109.8,113.3,116.2,117.6,119.4,121.8,125.1,129.0,131.9,135.4,139.1,142.0,145.9,148.1,151.2,154.1
,,GT,"1,069","1,090","1,120","1,137","1,172","1,201","1,229","1,284","1,321","1,350","1,375","1,412","1,469","1,491","1,511","1,542","1,597","1,626","1,651",0,100.0,102.0,104.8,106.4,109.7,112.4,115.0,120.1,123.6,126.3,128.7,132.1,137.4,139.5,141.4,144.3,149.5,152.2,154.5
,,APE,786,803,829,850,878,903,924,954,981,"1,009","1,038","1,067","1,103","1,128","1,156","1,183","1,213","1,237","1,260",0,100.0,102.2,105.5,108.4,112.0,115.6,118.4,122.2,125.7,129.6,133.8,137.8,142.2,145.7,147.2,150.7,154.4,157.5,160.5
,Maison sur lot économique,PT,456,464,484,503,525,545,561,570,581,602,629,652,667,691,704,718,740,763,779,0,100.0,101.8,106.1,110.2,115.0,119.4,122.9,124.9,127.3,131.8,137.9,142.9,146.1,151.3,154.2,157.4,162.1,167.1,170.7
,,MT,707,717,739,758,788,821,828,836,854,878,912,936,972,"1,007","1,032","1,053","1,064","1,089","1,105",0,100.0,101.3,104.5,107.1,111.3,116.0,117.1,118.1,120.7,124.1,128.9,132.4,137.4,142.4,145.9,148.9,150.3,153.9,156.2
,,GT,970,983,"1,021","1,060","1,105","1,146","1,165","1,187","1,230","1,275","1,310","1,344","1,373","1,395","1,420","1,448","1,464","1,490","1,525",0,100.0,101.3,105.2,109.2,113.9,118.2,120.1,122.4,126.8,131.4,135.0,138.5,141.6,143.8,146.4,149.2,150.9,153.6,157.2
,,MLE,698,708,734,759,791,822,836,849,872,901,933,960,986,"1,013","1,052","1,073","1,088","1,113","1,135",0,100.0,101.5,105.3,108.9,113.4,117.9,120.1,121.9,125.0,129.1,134.0,138.1,141.8,146.1,148.3,151.3,153.8,157.5,160.5
,Total ville,,761,775,802,826,857,886,904,926,952,981,"1,013","1,042","1,073","1,100","1,078","1,100","1,117","1,141","1,163",0,100.0,101.8,105.4,108.7,112.8,116.8,119.3,122.1,125.4,129.4,134.0,138.0,142.1,145.9,148.3,151.3,153.8,157.5,160.5
Tiznit,Villa,PT,"2,319","2,360","2,484","2,606","2,728","2,880","2,994","3,109","3,181","3,283","3,396","3,520","3,643","3,710","3,806","3,980","4,062","4,138","4,190",0,100.0,101.8,107.1,112.4,117.6,124.2,129.1,134.1,137.2,141.6,146.4,151.8,157.1,160.0,164.1,171.6,175.2,178.4,180.7
,,MT,"4,729","4,826","4,968","5,228","5,457","5,648","5,687","5,913","6,123","6,286","6,422","6,668","6,778","6,874","6,996","7,130","7,199","7,243","7,306",0,100.0,102.1,105.1,110.6,115.4,119.4,120.3,125.0,129.5,132.9,135.8,141.0,143.3,145.4,147.9,150.8,152.2,153.2,154.5
,,GT,"6,286","6,430","6,755","7,008","7,347","7,664","7,798","7,907","8,121","8,262","8,326","8,579","8,974","9,309","9,553","9,715","9,742","9,795","9,857",0,100.0,102.3,107.4,111.5,116.9,121.9,124.1,125.8,129.2,131.4,132.4,136.5,142.7,148.1,152.0,154.5,155.0,155.8,156.8
,,VIL,"3,815","3,892","4,045","4,242","4,435","4,622","4,704","4,868","5,017","5,150","5,268","5,461","5,606","5,715","5,780","5,934","6,006","6,065","6,123",0,100.0,101.9,106.2,111.5,116.5,121.8,124.6,129.1,132.9,136.6,140.2,145.3,149.4,152.2,155.6,160.6,162.9,164.9,166.6
,Appartement standing,PT,"1,250","1,280","1,339","1,395","1,472","1,537","1,579","1,597","1,631","1,666","1,686","1,736","1,771","1,853","1,948","2,026","2,054","2,082","2,099",0,100.0,102.4,107.1,111.5,117.7,122.9,126.3,127.7,130.4,133.2,134.8,138.8,141.7,148.2,155.8,162.0,164.3,166.5,167.9
,,MT,"1,813","1,847","1,909","1,982","2,097","2,187","2,261","2,363","2,407","2,464","2,521","2,556","2,637","2,689","2,738","2,848","2,886","2,910","2,919",0,100.0,101.9,105.3,109.3,115.6,120.6,124.7,130.3,132.7,135.9,139.0,141.0,145.4,148.3,151.0,157.0,159.2,160.5,161.0
,,GT,"2,468","2,523","2,655","2,762","2,789","2,890","2,938","2,957","3,054","3,139","3,208","3,321","3,436","3,486","3,558","3,654","3,725","3,768","3,778",0,100.0,102.3,107.6,111.9,113.0,117.1,119.1,119.8,123.7,127.2,130.0,134.6,139.2,141.3,144.2,148.1,151.0,152.7,153.1
,,APS,"1,850","1,889","1,967","2,045","2,129","2,216","2,276","2,338","2,393","2,452","2,504","2,562","2,641","2,700","2,671","2,769","2,811","2,840","2,851",0,100.0,102.1,106.3,110.5,115.5,120.2,123.6,127.0,129.9,133.1,135.8,138.9,143.0,146.5,151.0,156.7,159.0,160.7,161.4
,Appartement économique,PT,806,825,852,886,951,996,"1,033","1,071","1,109","1,156","1,214","1,278","1,318","1,356","1,384","1,407","1,430","1,461","1,465",0,100.0,102.3,105.7,109.8,117.9,123.5,128.1,132.8,137.6,143.4,150.5,158.4,163.5,168.1,171.6,174.5,177.3,181.2,181.6
,,MT,"1,400","1,431","1,492","1,567","1,617","1,659","1,679","1,704","1,739","1,785","1,842","1,883","1,932","1,985","2,026","2,082","2,107","2,137","2,133",0,100.0,102.2,106.6,112.0,115.5,118.5,119.9,121.7,124.3,127.5,131.6,134.5,138.0,141.8,144.8,148.8,150.6,152.7,152.4
,,GT,"1,717","1,752","1,799","1,827","1,902","1,949","1,994","2,083","2,186","2,234","2,276","2,337","2,431","2,467","2,501","2,543","2,605","2,642","2,630",0,100.0,102.0,104.8,106.4,110.8,113.5,116.1,121.3,127.3,130.1,132.5,136.1,141.5,143.7,145.6,148.1,151.7,153.8,153.1
,,APE,"1,321","1,349","1,395","1,441","1,505","1,549","1,583","1,633","1,692","1,739","1,791","1,846","1,907","1,950","1,990","2,035","2,069","2,100","2,097",0,100.0,102.2,105.7,109.4,114.7,118.4,121.2,125.1,129.4,133.3,137.8,142.5,147.1,150.7,151.6,154.9,157.4,160.0,159.8
,Maison sur lot économique,PT,852,867,904,949,995,"1,037","1,068","1,086","1,106","1,145","1,204","1,254","1,282","1,328","1,353","1,376","1,392","1,412","1,426",0,100.0,101.8,106.1,111.3,116.7,121.7,125.3,127.4,129.8,134.4,141.3,147.1,150.4,155.8,158.8,161.4,163.4,165.6,167.3
,,MT,"1,119","1,134","1,181","1,211","1,271","1,324","1,336","1,348","1,378","1,417","1,471","1,511","1,584","1,657","1,699","1,732","1,755","1,778","1,823",0,100.0,101.3,105.5,108.2,113.5,118.3,119.4,120.4,123.1,126.6,131.4,135.0,141.5,148.1,151.8,154.7,156.8,158.8,162.9
,,GT,"1,536","1,556","1,616","1,678","1,749","1,815","1,844","1,880","1,977","2,058","2,115","2,170","2,217","2,253","2,293","2,337","2,359","2,385","2,439",0,100.0,101.3,105.2,109.2,113.9,118.2,120.1,122.4,128.7,134.0,137.7,141.3,144.3,146.7,149.3,152.1,153.6,155.3,158.8
,,MLE,"1,175","1,192","1,240","1,285","1,345","1,399","1,423","1,444","1,494","1,547","1,603","1,651","1,702","1,754","1,787","1,820","1,842","1,865","1,906",0,100.0,101.4,105.6,109.5,114.6,119.3,121.5,123.3,127.1,131.5,136.6,140.9,145.2,150.0,152.6,155.5,157.4,159.4,162.7
,Total ville,,"1,403","1,429","1,483","1,538","1,607","1,665","1,698","1,742","1,800","1,854","1,911","1,970","2,031","2,082","2,003","2,047","2,074","2,100","2,129",0,100.0,101.8,105.7,109.6,114.8,119.1,121.7,124.6,128.6,132.7,137.3,141.7,146.1,150.2,152.4,155.6,157.6,159.7,162.1
Souss Massa,Villa,PT,"2,815","3,032","3,297","3,501","3,613","3,600","3,784","3,748","3,720","3,838","3,952","3,954","4,103","4,136","4,253","4,408","4,495","4,562","4,597",,100.0,107.3,116.5,123.6,129.1,129.1,135.6,134.8,134.1,138.4,142.5,143.0,148.4,149.7,155.8,161.6,164.7,167.2,168.4
,,MT,"5,261","5,501","5,553","5,811","6,098","6,571","6,917","7,383","7,357","7,514","7,563","7,488","7,559","7,577","7,670","7,762","7,814","7,861","7,833",,100.0,104.5,105.6,110.4,116.8,125.6,131.9,140.5,140.4,143.4,144.4,143.3,144.7,145.2,148.4,150.2,151.2,152.1,151.6
,,GT,"8,189","8,674","8,581","8,839","9,124","9,440","10,142","10,460","10,012","10,167","10,178","10,622","10,731","10,703","10,750","10,888","10,925","11,010","10,994",,100.0,105.6,105.1,108.4,113.8,117.9,125.9,129.7,125.0,127.0,127.2,132.5,134.3,134.6,138.0,139.8,140.3,141.4,141.3
,,VIL,"5,728","6,055","6,066","6,312","6,474","6,784","7,245","7,576","7,362","7,511","7,560","7,696","7,764","7,737","7,152","7,278","7,338","7,402","7,393",,100.0,105.4,107.1,111.9,117.7,123.2,130.5,136.0,133.9,137.0,138.6,140.5,142.5,142.7,148.9,152.2,153.8,155.3,155.4
,Appartement standing,PT,"1,473","1,562","1,651","1,744","1,848","1,902","1,891","1,904","1,969","2,002","2,054","2,083","2,114","2,218","2,314","2,403","2,445","2,481","2,521",,100.0,105.9,111.9,118.1,126.4,130.1,129.6,130.5,134.7,137.1,140.5,142.6,144.7,151.7,159.9,166.1,169.0,171.5,174.3
,,MT,"2,432","2,455","2,632","2,821","2,967","2,916","2,796","2,901","2,923","3,006","3,061","3,103","3,193","3,233","3,290","3,393","3,440","3,481","3,524",,100.0,101.1,108.1,115.6,123.3,121.7,117.4,121.9,123.0,126.5,128.8,130.5,134.3,136.0,140.3,144.8,146.8,148.5,150.2
,,GT,"2,851","3,064","3,307","3,544","3,477","3,540","3,509","3,561","3,751","3,854","3,936","3,899","3,986","4,008","4,082","4,159","4,208","4,240","4,307",,100.0,107.2,115.7,123.9,122.5,124.7,123.7,125.5,132.2,135.8,138.7,137.6,140.7,141.5,145.0,147.8,149.6,150.7,153.0
,,APS,"2,389","2,451","2,631","2,821","2,920","2,897","2,801","2,885","2,943","3,023","3,081","3,107","3,189","3,233","3,213","3,308","3,354","3,392","3,439",,100.0,102.6,109.8,117.4,123.6,123.2,119.8,123.3,125.9,129.2,131.7,133.0,136.4,138.7,145.2,149.7,151.9,153.6,155.7
,Appartement économique,PT,"1,072","1,059","1,077","1,053",999,"1,039","1,069","1,097","1,142","1,195","1,288","1,331","1,369","1,411","1,420","1,426","1,456","1,488","1,500",,100.0,99.1,100.9,99.4,98.0,101.9,104.9,107.8,112.2,117.4,125.9,130.8,134.7,138.9,143.9,144.9,147.9,151.3,152.7
,,MT,"1,570","1,684","1,676","1,688","1,656","1,690","1,704","1,728","1,770","1,814","1,879","1,926","1,985","2,038","2,065","2,091","2,128","2,159","2,156",,100.0,106.8,106.5,107.6,107.2,109.3,110.2,111.8,114.5,117.3,121.6,124.9,128.7,132.2,136.2,138.2,140.7,142.9,142.9
,,GT,"1,822","1,960","2,004","2,047","2,035","2,012","2,023","2,077","2,225","2,267","2,312","2,401","2,498","2,527","2,547","2,580","2,607","2,631","2,680",,100.0,107.2,109.6,111.8,112.2,111.2,111.8,114.9,123.0,125.3,127.9,132.9,138.4,140.1,143.0,144.8,146.4,147.8,150.5
,,APE,"1,556","1,658","1,669","1,683","1,651","1,668","1,684","1,720","1,796","1,841","1,904","1,965","2,032","2,076","2,011","2,033","2,065","2,095","2,109",,100.0,105.8,106.6,107.5,107.4,108.9,110.2,112.7,117.5,120.6,125.1,129.4,133.9,137.0,140.2,141.9,144.3,146.7,147.8
,Maison sur lot économique,PT,"1,029","1,013",953,950,909,913,970,"1,028","1,096","1,185","1,265","1,287","1,308","1,353","1,356","1,360","1,377","1,400","1,404",,100.0,98.9,94.2,94.5,93.2,94.6,100.1,105.4,111.8,120.1,127.9,130.5,132.7,137.3,140.5,141.1,143.1,145.6,146.2
,,MT,"1,419","1,404","1,411","1,402","1,343","1,357","1,363","1,377","1,432","1,477","1,535","1,571","1,665","1,735","1,754","1,780","1,801","1,829","1,842",,100.0,99.4,100.7,100.5,99.1,100.4,101.0,102.1,106.1,109.4,113.7,116.4,123.2,128.5,132.5,134.5,136.1,138.4,139.4
,,GT,"1,996","1,974","1,845","1,741","1,756","1,822","1,853","1,912","2,049","2,139","2,198","2,269","2,283","2,321","2,342","2,362","2,384","2,412","2,451",,100.0,99.4,94.2,90.2,93.3,97.0,98.8,101.8,109.0,113.8,117.0,120.6,121.7,123.7,127.4,128.7,129.9,131.6,133.6
,,MLE,"1,529","1,513","1,467","1,430","1,396","1,424","1,447","1,481","1,565","1,630","1,692","1,737","1,793","1,848","1,796","1,814","1,835","1,861","1,879",,100.0,99.3,97.7,96.5,96.5,98.6,100.5,102.8,108.2,112.9,117.4,120.5,124.6,128.7,133.4,134.8,136.5,138.7,139.8
,Total région,,"1,790","1,847","1,837","1,846","1,836","1,873","1,913","1,964","2,027","2,088","2,153","2,212","2,278","2,325","2,161","2,189","2,215","2,244","2,260",,100.0,102.7,102.6,103.0,103.6,105.5,107.2,109.8,114.5,118.3,122.6,126.3,130.5,133.9,137.4,139.1,140.9,143.1,144.2
